order_id,product_id,quantity,unit_price
O00001,P001,1,1500
O00002,P011,3,250
O00002,P010,2,120
O00003,P002,2,1900
O00003,P010,1,120
O00004,P010,3,120
O00004,P003,3,2300
O00004,P002,3,1900
O00005,P011,1,250
O00005,P001,2,1500
O00005,P003,2,2300
O00006,P002,3,1900
O00007,P010,2,120
O00007,P001,3,1500
O00007,P003,3,2300
O00008,P002,2,1900
O00009,P010,2,120
O00009,P003,2,2300
O00010,P010,2,120
O00011,P001,3,1500
O00011,P002,2,1900
O00011,P010,1,120
O00012,P011,3,250
O00012,P001,3,1500
O00012,P010,3,120
O00013,P010,2,120
O00014,P010,1,120
O00014,P001,2,1500
O00015,P002,2,1900
O00015,P010,2,120
O00015,P001,3,1500
O00016,P002,1,1900
O00016,P001,3,1500
O00016,P010,2,120
O00017,P003,3,2300
O00017,P001,2,1500
O00017,P011,3,250
O00018,P011,3,250
O00018,P002,2,1900
O00018,P010,1,120
O00019,P003,3,2300
O00020,P002,1,1900
O00020,P011,3,250
O00020,P001,1,1500
O00021,P003,3,2300
O00021,P011,2,250
O00022,P002,1,1900
O00022,P001,1,1500
O00023,P011,2,250
O00024,P010,2,120
O00025,P011,3,250
O00025,P001,2,1500
O00026,P002,3,1900
O00027,P010,2,120
O00027,P011,1,250
O00027,P002,3,1900
O00028,P001,2,1500
O00028,P002,3,1900
O00028,P003,3,2300
O00029,P002,1,1900
O00029,P001,1,1500
O00029,P010,3,120
O00030,P001,1,1500
O00030,P002,3,1900
O00031,P011,1,250
O00031,P003,1,2300
O00031,P002,1,1900
O00032,P002,3,1900
O00032,P011,2,250
O00033,P011,3,250
O00033,P002,3,1900
O00033,P010,2,120
O00034,P001,2,1500
O00035,P003,1,2300
O00035,P010,2,120
O00036,P001,1,1500
O00036,P003,1,2300
O00036,P002,3,1900
O00037,P003,3,2300
O00037,P010,1,120
O00038,P002,3,1900
O00038,P001,3,1500
O00038,P010,3,120
O00039,P001,3,1500
O00039,P010,3,120
O00039,P003,3,2300
O00040,P010,2,120
O00040,P003,3,2300
O00041,P011,3,250
O00041,P003,3,2300
O00041,P001,2,1500
O00042,P010,3,120
O00042,P011,1,250
O00042,P001,3,1500
O00043,P002,1,1900
O00043,P001,1,1500
O00044,P001,3,1500
O00044,P002,2,1900
O00045,P001,2,1500
O00045,P003,3,2300
O00046,P002,1,1900
O00046,P001,3,1500
O00046,P003,2,2300
O00047,P001,2,1500
O00047,P003,3,2300
O00048,P003,3,2300
O00048,P001,2,1500
O00048,P010,2,120
O00049,P011,1,250
O00049,P001,1,1500
O00050,P003,2,2300
O00050,P010,1,120
O00051,P002,3,1900
O00051,P010,2,120
O00051,P001,3,1500
O00052,P010,3,120
O00052,P011,1,250
O00053,P003,3,2300
O00053,P011,1,250
O00053,P010,1,120
O00054,P003,1,2300
O00054,P011,2,250
O00054,P001,1,1500
O00055,P010,3,120
O00055,P002,3,1900
O00056,P002,2,1900
O00056,P001,3,1500
O00057,P001,2,1500
O00057,P003,1,2300
O00058,P002,2,1900
O00058,P003,2,2300
O00059,P011,2,250
O00060,P001,2,1500
O00061,P002,1,1900
O00062,P011,2,250
O00062,P001,3,1500
O00063,P002,2,1900
O00064,P011,2,250
O00064,P003,1,2300
O00065,P011,3,250
O00066,P002,3,1900
O00067,P010,2,120
O00068,P011,2,250
O00068,P001,1,1500
O00068,P010,3,120
O00069,P001,1,1500
O00069,P003,1,2300
O00069,P002,3,1900
O00070,P003,2,2300
O00070,P001,3,1500
O00070,P011,1,250
O00071,P002,2,1900
O00071,P011,2,250
O00072,P003,1,2300
O00072,P010,2,120
O00072,P011,1,250
O00073,P003,1,2300
O00074,P011,3,250
O00075,P001,2,1500
O00075,P002,3,1900
O00075,P003,2,2300
O00076,P002,3,1900
O00076,P003,1,2300
O00077,P001,2,1500
O00078,P003,1,2300
O00078,P010,1,120
O00078,P001,2,1500
O00079,P001,1,1500
O00079,P011,1,250
O00079,P002,2,1900
O00080,P002,3,1900
O00080,P010,2,120
O00081,P003,3,2300
O00081,P002,3,1900
O00082,P001,1,1500
O00082,P010,1,120
O00082,P003,3,2300
O00083,P001,2,1500
O00083,P010,3,120
O00084,P010,1,120
O00084,P011,1,250
O00084,P001,3,1500
O00085,P003,1,2300
O00085,P010,3,120
O00086,P003,2,2300
O00086,P011,1,250
O00086,P002,1,1900
O00087,P001,2,1500
O00087,P003,2,2300
O00088,P003,2,2300
O00089,P011,1,250
O00089,P002,2,1900
O00089,P003,3,2300
O00090,P003,3,2300
O00091,P001,2,1500
O00091,P003,2,2300
O00091,P010,3,120
O00092,P002,3,1900
O00092,P011,1,250
O00093,P010,2,120
O00093,P001,1,1500
O00094,P011,3,250
O00094,P010,2,120
O00094,P002,3,1900
O00095,P002,3,1900
O00095,P011,1,250
O00095,P003,3,2300
O00096,P011,3,250
O00096,P010,3,120
O00096,P001,2,1500
O00097,P011,2,250
O00097,P001,1,1500
O00098,P010,3,120
O00098,P001,1,1500
O00099,P011,2,250
O00099,P010,3,120
O00099,P002,3,1900
O00100,P001,1,1500
O00101,P011,3,250
O00102,P002,3,1900
O00103,P010,3,120
O00104,P010,1,120
O00104,P011,1,250
O00105,P003,3,2300
O00105,P011,2,250
O00105,P010,2,120
O00106,P003,1,2300
O00106,P001,3,1500
O00106,P011,3,250
O00107,P002,1,1900
O00107,P003,2,2300
O00108,P001,3,1500
O00108,P011,2,250
O00108,P003,1,2300
O00109,P001,2,1500
O00109,P002,3,1900
O00110,P010,2,120
O00110,P003,2,2300
O00110,P011,2,250
O00111,P011,3,250
O00111,P002,1,1900
O00112,P002,3,1900
O00112,P011,2,250
O00113,P010,2,120
O00113,P002,3,1900
O00114,P002,1,1900
O00115,P001,1,1500
O00116,P010,1,120
O00116,P011,1,250
O00116,P001,3,1500
O00117,P010,3,120
O00117,P011,1,250
O00118,P011,3,250
O00118,P010,2,120
O00119,P003,1,2300
O00119,P002,2,1900
O00120,P001,1,1500
O00120,P010,3,120
O00120,P003,3,2300
O00121,P010,1,120
O00121,P003,1,2300
O00122,P010,3,120
O00122,P003,2,2300
O00122,P001,3,1500
O00123,P002,3,1900
O00124,P011,3,250
O00124,P003,1,2300
O00124,P002,3,1900
O00125,P001,3,1500
O00125,P002,3,1900
O00125,P010,3,120
O00126,P001,1,1500
O00126,P003,2,2300
O00126,P010,3,120
O00127,P010,2,120
O00128,P010,2,120
O00128,P003,2,2300
O00128,P002,2,1900
O00129,P001,3,1500
O00130,P003,3,2300
O00130,P011,2,250
O00130,P001,3,1500
O00131,P011,1,250
O00132,P003,2,2300
O00132,P001,1,1500
O00132,P002,1,1900
O00133,P001,1,1500
O00133,P003,3,2300
O00133,P002,2,1900
O00134,P003,3,2300
O00134,P001,1,1500
O00135,P002,2,1900
O00135,P011,2,250
O00135,P003,1,2300
O00136,P002,1,1900
O00136,P010,3,120
O00137,P003,1,2300
O00138,P011,1,250
O00139,P010,1,120
O00139,P011,3,250
O00140,P002,3,1900
O00140,P011,3,250
O00141,P001,1,1500
O00141,P003,1,2300
O00142,P010,2,120
O00143,P003,3,2300
O00143,P010,3,120
O00144,P010,3,120
O00145,P010,1,120
O00145,P011,3,250
O00145,P002,2,1900
O00146,P003,2,2300
O00147,P003,1,2300
O00147,P001,3,1500
O00148,P003,3,2300
O00148,P010,2,120
O00148,P011,2,250
O00149,P003,2,2300
O00149,P001,3,1500
O00150,P010,3,120
O00150,P011,1,250
O00150,P003,3,2300
O00151,P011,2,250
O00151,P002,3,1900
O00151,P003,3,2300
O00152,P003,3,2300
O00153,P001,1,1500
O00154,P010,1,120
O00155,P001,1,1500
O00155,P010,3,120
O00155,P002,2,1900
O00156,P002,1,1900
O00156,P001,3,1500
O00157,P001,3,1500
O00158,P002,1,1900
O00158,P001,1,1500
O00158,P003,3,2300
O00159,P010,3,120
O00160,P011,3,250
O00160,P002,1,1900
O00160,P001,2,1500
O00161,P010,3,120
O00161,P001,2,1500
O00162,P010,2,120
O00162,P003,1,2300
O00163,P003,1,2300
O00164,P010,1,120
O00164,P003,2,2300
O00165,P002,1,1900
O00165,P010,2,120
O00166,P011,2,250
O00167,P010,1,120
O00168,P011,2,250
O00169,P011,3,250
O00170,P010,3,120
O00171,P001,1,1500
O00171,P011,1,250
O00172,P003,2,2300
O00172,P010,1,120
O00172,P001,3,1500
O00173,P001,2,1500
O00173,P011,2,250
O00173,P003,1,2300
O00174,P003,1,2300
O00174,P010,3,120
O00174,P011,3,250
O00175,P010,2,120
O00175,P011,3,250
O00176,P011,1,250
O00177,P010,3,120
O00178,P001,2,1500
O00178,P003,3,2300
O00179,P010,3,120
O00179,P001,3,1500
O00180,P003,3,2300
O00181,P001,2,1500
O00181,P010,3,120
O00182,P002,3,1900
O00183,P010,3,120
O00184,P003,3,2300
O00185,P001,2,1500
O00185,P003,1,2300
O00186,P010,1,120
O00186,P002,1,1900
O00186,P001,1,1500
O00187,P011,2,250
O00187,P002,1,1900
O00187,P010,3,120
O00188,P003,2,2300
O00188,P010,1,120
O00188,P011,1,250
O00189,P001,3,1500
O00189,P003,1,2300
O00190,P001,3,1500
O00190,P002,3,1900
O00191,P010,3,120
O00191,P002,1,1900
O00191,P003,1,2300
O00192,P002,2,1900
O00193,P001,1,1500
O00193,P010,1,120
O00193,P003,3,2300
O00194,P002,3,1900
O00194,P001,1,1500
O00194,P010,2,120
O00195,P010,3,120
O00196,P011,1,250
O00197,P001,2,1500
O00198,P011,1,250
O00198,P002,2,1900
O00198,P001,2,1500
O00199,P010,3,120
O00199,P003,3,2300
O00199,P001,3,1500
O00200,P003,1,2300
O00201,P011,1,250
O00202,P001,2,1500
O00202,P011,1,250
O00203,P002,3,1900
O00203,P003,1,2300
O00204,P002,1,1900
O00204,P001,1,1500
O00205,P011,1,250
O00205,P010,2,120
O00205,P001,1,1500
O00206,P001,1,1500
O00207,P011,2,250
O00208,P010,1,120
O00208,P002,1,1900
O00209,P003,1,2300
O00209,P010,1,120
O00209,P002,3,1900
O00210,P001,2,1500
O00210,P002,3,1900
O00210,P003,1,2300
O00211,P003,1,2300
O00211,P011,3,250
O00211,P002,1,1900
O00212,P001,3,1500
O00213,P011,2,250
O00214,P011,3,250
O00214,P002,3,1900
O00214,P010,1,120
O00215,P001,1,1500
O00215,P002,1,1900
O00216,P010,1,120
O00216,P011,3,250
O00216,P001,1,1500
O00217,P003,2,2300
O00218,P010,2,120
O00219,P011,1,250
O00219,P010,1,120
O00220,P001,1,1500
O00220,P002,2,1900
O00220,P011,3,250
O00221,P001,1,1500
O00222,P010,1,120
O00222,P003,3,2300
O00222,P002,3,1900
O00223,P002,2,1900
O00223,P001,1,1500
O00224,P002,3,1900
O00225,P002,1,1900
O00225,P010,1,120
O00226,P011,1,250
O00226,P010,2,120
O00227,P002,3,1900
O00228,P002,2,1900
O00228,P010,1,120
O00229,P002,2,1900
O00229,P003,1,2300
O00230,P002,3,1900
O00230,P001,3,1500
O00231,P003,1,2300
O00232,P010,2,120
O00233,P002,1,1900
O00233,P003,2,2300
O00234,P002,3,1900
O00234,P011,1,250
O00234,P003,1,2300
O00235,P011,1,250
O00235,P010,3,120
O00236,P010,1,120
O00236,P003,3,2300
O00237,P002,2,1900
O00237,P011,2,250
O00238,P002,1,1900
O00238,P011,2,250
O00238,P003,1,2300
O00239,P010,3,120
O00240,P001,2,1500
O00240,P010,2,120
O00240,P003,3,2300
O00241,P010,2,120
O00242,P001,3,1500
O00243,P010,1,120
O00244,P003,2,2300
O00245,P001,1,1500
O00246,P003,3,2300
O00246,P002,2,1900
O00247,P011,2,250
O00247,P001,1,1500
O00247,P002,3,1900
O00248,P002,3,1900
O00248,P003,2,2300
O00249,P001,3,1500
O00249,P011,2,250
O00249,P002,3,1900
O00250,P003,2,2300
O00251,P011,3,250
O00251,P002,1,1900
O00252,P003,3,2300
O00252,P001,2,1500
O00252,P011,1,250
O00253,P010,2,120
O00254,P011,2,250
O00254,P001,2,1500
O00255,P011,3,250
O00256,P011,3,250
O00257,P002,2,1900
O00258,P011,1,250
O00259,P010,1,120
O00259,P002,2,1900
O00259,P003,2,2300
O00260,P011,2,250
O00260,P010,1,120
O00261,P003,2,2300
O00262,P010,2,120
O00262,P001,3,1500
O00263,P011,3,250
O00263,P003,2,2300
O00263,P002,3,1900
O00264,P001,1,1500
O00264,P002,1,1900
O00264,P010,2,120
O00265,P003,1,2300
O00266,P002,2,1900
O00267,P002,2,1900
O00268,P002,3,1900
O00269,P001,3,1500
O00269,P003,3,2300
O00269,P002,1,1900
O00270,P003,2,2300
O00270,P010,3,120
O00271,P001,1,1500
O00271,P003,1,2300
O00271,P011,1,250
O00272,P003,2,2300
O00272,P010,3,120
O00272,P011,3,250
O00273,P010,2,120
O00273,P011,2,250
O00274,P002,2,1900
O00274,P003,1,2300
O00274,P001,2,1500
O00275,P003,1,2300
O00275,P001,2,1500
O00276,P010,3,120
O00276,P002,1,1900
O00277,P011,1,250
O00277,P003,3,2300
O00277,P001,3,1500
O00278,P002,1,1900
O00278,P011,1,250
O00278,P001,2,1500
O00279,P002,2,1900
O00279,P010,1,120
O00279,P011,1,250
O00280,P001,1,1500
O00280,P003,2,2300
O00280,P002,2,1900
O00281,P002,1,1900
O00281,P003,2,2300
O00281,P001,2,1500
O00282,P010,2,120
O00283,P001,3,1500
O00284,P011,3,250
O00284,P003,2,2300
O00284,P010,2,120
O00285,P011,3,250
O00285,P002,3,1900
O00286,P003,3,2300
O00286,P001,2,1500
O00287,P002,3,1900
O00288,P001,2,1500
O00288,P003,3,2300
O00288,P011,1,250
O00289,P003,2,2300
O00289,P001,1,1500
O00290,P002,1,1900
O00290,P011,1,250
O00290,P010,1,120
O00291,P010,2,120
O00291,P001,1,1500
O00291,P003,2,2300
O00292,P011,3,250
O00292,P001,2,1500
O00293,P002,2,1900
O00293,P010,2,120
O00294,P001,2,1500
O00294,P003,2,2300
O00295,P010,1,120
O00295,P001,3,1500
O00296,P010,2,120
O00296,P011,1,250
O00297,P010,3,120
O00297,P011,3,250
O00297,P001,1,1500
O00298,P002,2,1900
O00299,P011,1,250
O00299,P003,3,2300
O00300,P001,2,1500
O00300,P011,3,250
O00301,P010,3,120
O00301,P002,2,1900
O00302,P011,1,250
O00302,P002,2,1900
O00302,P001,2,1500
O00303,P010,3,120
O00303,P001,2,1500
O00303,P002,2,1900
O00304,P010,1,120
O00304,P002,1,1900
O00304,P001,2,1500
O00305,P010,3,120
O00305,P001,3,1500
O00306,P010,2,120
O00306,P002,3,1900
O00307,P002,2,1900
O00307,P001,2,1500
O00307,P010,1,120
O00308,P003,2,2300
O00308,P010,2,120
O00308,P011,3,250
O00309,P010,3,120
O00309,P001,3,1500
O00309,P002,3,1900
O00310,P003,1,2300
O00311,P001,2,1500
O00311,P002,3,1900
O00311,P010,1,120
O00312,P002,2,1900
O00312,P001,2,1500
O00313,P003,2,2300
O00313,P001,2,1500
O00314,P001,1,1500
O00314,P002,1,1900
O00314,P003,3,2300
O00315,P011,2,250
O00316,P003,3,2300
O00316,P011,3,250
O00317,P003,3,2300
O00317,P001,2,1500
O00317,P011,1,250
O00318,P002,3,1900
O00319,P003,2,2300
O00319,P010,2,120
O00320,P001,1,1500
O00321,P011,1,250
O00322,P011,3,250
O00323,P011,2,250
O00323,P001,1,1500
O00323,P002,1,1900
O00324,P001,2,1500
O00325,P003,1,2300
O00325,P011,2,250
O00326,P011,3,250
O00326,P003,2,2300
O00326,P001,1,1500
O00327,P001,3,1500
O00327,P002,1,1900
O00327,P011,3,250
O00328,P003,1,2300
O00329,P002,1,1900
O00330,P001,1,1500
O00330,P011,2,250
O00331,P001,1,1500
O00331,P002,1,1900
O00332,P011,1,250
O00332,P001,2,1500
O00332,P002,1,1900
O00333,P003,3,2300
O00334,P001,1,1500
O00335,P002,3,1900
O00335,P011,2,250
O00335,P001,1,1500
O00336,P002,3,1900
O00337,P011,2,250
O00337,P003,1,2300
O00338,P011,3,250
O00338,P002,1,1900
O00338,P003,1,2300
O00339,P001,1,1500
O00339,P002,2,1900
O00339,P003,1,2300
O00340,P001,3,1500
O00340,P011,3,250
O00340,P010,2,120
O00341,P011,2,250
O00341,P002,3,1900
O00342,P002,2,1900
O00343,P010,3,120
O00343,P002,1,1900
O00344,P001,1,1500
O00344,P003,2,2300
O00345,P011,1,250
O00346,P003,3,2300
O00346,P011,3,250
O00347,P001,2,1500
O00348,P001,2,1500
O00348,P010,2,120
O00349,P003,3,2300
O00349,P010,2,120
O00349,P001,2,1500
O00350,P002,2,1900
O00350,P001,3,1500
O00351,P002,3,1900
O00351,P001,2,1500
O00352,P001,3,1500
O00352,P010,3,120
O00352,P002,3,1900
O00353,P001,1,1500
O00354,P010,3,120
O00354,P001,1,1500
O00355,P003,1,2300
O00356,P002,1,1900
O00356,P010,1,120
O00357,P010,3,120
O00357,P003,3,2300
O00358,P003,2,2300
O00358,P010,3,120
O00358,P002,3,1900
O00359,P010,1,120
O00359,P003,2,2300
O00360,P001,2,1500
O00361,P010,3,120
O00361,P002,1,1900
O00362,P001,3,1500
O00363,P001,2,1500
O00364,P001,3,1500
O00364,P002,3,1900
O00364,P010,2,120
O00365,P003,3,2300
O00366,P001,3,1500
O00366,P011,2,250
O00366,P003,2,2300
O00367,P003,3,2300
O00368,P010,3,120
O00368,P003,2,2300
O00369,P011,2,250
O00369,P001,1,1500
O00369,P010,2,120
O00370,P003,2,2300
O00370,P010,2,120
O00371,P001,1,1500
O00372,P003,2,2300
O00372,P002,1,1900
O00372,P010,2,120
O00373,P010,3,120
O00373,P011,3,250
O00373,P001,2,1500
O00374,P011,3,250
O00374,P010,1,120
O00374,P002,3,1900
O00375,P010,2,120
O00376,P011,3,250
O00376,P010,3,120
O00377,P003,1,2300
O00377,P011,1,250
O00378,P001,2,1500
O00378,P002,3,1900
O00378,P010,3,120
O00379,P003,2,2300
O00380,P010,2,120
O00381,P010,1,120
O00381,P003,3,2300
O00382,P002,1,1900
O00383,P003,1,2300
O00383,P001,2,1500
O00383,P011,1,250
O00384,P002,3,1900
O00384,P001,2,1500
O00385,P010,3,120
O00386,P011,2,250
O00386,P010,1,120
O00387,P010,2,120
O00387,P001,3,1500
O00387,P002,2,1900
O00388,P011,2,250
O00388,P001,1,1500
O00389,P002,3,1900
O00389,P003,3,2300
O00389,P011,2,250
O00390,P011,2,250
O00391,P010,2,120
O00391,P002,3,1900
O00392,P011,1,250
O00393,P003,2,2300
O00393,P001,3,1500
O00394,P002,3,1900
O00394,P001,3,1500
O00395,P011,2,250
O00396,P001,2,1500
O00396,P010,1,120
O00397,P001,3,1500
O00397,P003,2,2300
O00398,P011,1,250
O00398,P003,2,2300
O00399,P003,3,2300
O00399,P010,3,120
O00400,P001,3,1500
O00401,P011,2,250
O00401,P002,1,1900
O00401,P003,3,2300
O00402,P010,3,120
O00402,P003,3,2300
O00402,P011,2,250
O00403,P001,2,1500
O00403,P002,1,1900
O00403,P010,1,120
O00404,P003,2,2300
O00405,P003,3,2300
O00405,P001,1,1500
O00406,P003,3,2300
O00406,P011,1,250
O00407,P011,2,250
O00407,P002,1,1900
O00408,P002,1,1900
O00409,P002,2,1900
O00410,P010,2,120
O00410,P011,3,250
O00411,P002,1,1900
O00412,P002,2,1900
O00412,P001,2,1500
O00413,P011,1,250
O00413,P002,3,1900
O00413,P003,2,2300
O00414,P001,1,1500
O00415,P011,1,250
O00415,P003,2,2300
O00416,P001,3,1500
O00416,P010,1,120
O00417,P001,3,1500
O00418,P011,3,250
O00418,P001,3,1500
O00418,P003,3,2300
O00419,P010,1,120
O00419,P001,3,1500
O00420,P003,2,2300
O00421,P010,1,120
O00421,P002,1,1900
O00421,P011,1,250
O00422,P002,2,1900
O00423,P010,3,120
O00423,P003,1,2300
O00424,P011,3,250
O00424,P003,1,2300
O00425,P011,2,250
O00425,P010,3,120
O00426,P003,1,2300
O00427,P010,2,120
O00427,P003,1,2300
O00428,P011,3,250
O00428,P001,1,1500
O00428,P003,3,2300
O00429,P002,2,1900
O00429,P003,2,2300
O00429,P010,3,120
O00430,P003,1,2300
O00430,P001,2,1500
O00430,P011,2,250
O00431,P010,2,120
O00432,P001,2,1500
O00432,P002,1,1900
O00433,P010,3,120
O00434,P010,2,120
O00434,P001,1,1500
O00435,P010,2,120
O00435,P011,3,250
O00436,P001,3,1500
O00436,P002,2,1900
O00437,P001,3,1500
O00437,P003,3,2300
O00437,P002,3,1900
O00438,P003,1,2300
O00438,P010,1,120
O00438,P011,3,250
O00439,P002,1,1900
O00439,P010,1,120
O00439,P003,2,2300
O00440,P003,2,2300
O00441,P001,1,1500
O00441,P011,3,250
O00441,P010,3,120
O00442,P002,2,1900
O00442,P010,2,120
O00442,P011,3,250
O00443,P003,1,2300
O00444,P011,1,250
O00444,P003,1,2300
O00444,P002,2,1900
O00445,P002,2,1900
O00445,P010,3,120
O00446,P001,1,1500
O00447,P011,2,250
O00447,P002,1,1900
O00447,P001,2,1500
O00448,P002,3,1900
O00448,P001,2,1500
O00448,P011,3,250
O00449,P002,2,1900
O00449,P001,1,1500
O00450,P001,3,1500
O00450,P011,2,250
O00450,P003,2,2300
O00451,P010,3,120
O00451,P001,1,1500
O00451,P011,1,250
O00452,P003,2,2300
O00452,P010,1,120
O00453,P002,2,1900
O00453,P011,3,250
O00454,P002,2,1900
O00454,P010,1,120
O00454,P001,1,1500
O00455,P003,3,2300
O00455,P002,2,1900
O00456,P003,3,2300
O00457,P010,2,120
O00457,P001,1,1500
O00457,P011,2,250
O00458,P010,2,120
O00458,P002,3,1900
O00458,P003,2,2300
O00459,P011,1,250
O00459,P003,3,2300
O00459,P001,1,1500
O00460,P003,1,2300
O00461,P003,1,2300
O00461,P001,2,1500
O00462,P011,2,250
O00462,P010,3,120
O00462,P002,2,1900
O00463,P011,1,250
O00464,P002,3,1900
O00464,P003,2,2300
O00464,P001,2,1500
O00465,P002,2,1900
O00465,P001,3,1500
O00466,P010,1,120
O00466,P002,2,1900
O00466,P011,1,250
O00467,P010,2,120
O00468,P003,2,2300
O00468,P010,3,120
O00468,P002,2,1900
O00469,P003,2,2300
O00469,P010,3,120
O00469,P001,2,1500
O00470,P011,3,250
O00471,P010,1,120
O00471,P001,1,1500
O00471,P011,1,250
O00472,P001,2,1500
O00473,P002,2,1900
O00473,P010,1,120
O00474,P001,2,1500
O00474,P010,3,120
O00475,P010,1,120
O00475,P011,3,250
O00475,P002,1,1900
O00476,P003,1,2300
O00477,P003,1,2300
O00478,P011,2,250
O00479,P011,1,250
O00479,P002,3,1900
O00479,P003,3,2300
O00480,P010,1,120
O00481,P010,3,120
O00482,P003,1,2300
O00483,P001,2,1500
O00483,P010,3,120
O00484,P003,1,2300
O00485,P001,2,1500
O00486,P010,2,120
O00486,P011,3,250
O00486,P003,3,2300
O00487,P003,1,2300
O00488,P011,3,250
O00488,P010,3,120
O00488,P002,3,1900
O00489,P002,1,1900
O00490,P003,3,2300
O00490,P011,1,250
O00490,P001,3,1500
O00491,P010,2,120
O00491,P001,1,1500
O00491,P002,1,1900
O00492,P001,1,1500
O00492,P011,1,250
O00493,P010,3,120
O00493,P003,3,2300
O00494,P001,2,1500
O00495,P010,3,120
O00495,P003,3,2300
O00496,P003,3,2300
O00497,P003,3,2300
O00498,P010,2,120
O00499,P010,3,120
O00499,P003,3,2300
O00500,P001,2,1500
O00500,P010,3,120
O00501,P010,3,120
O00502,P001,3,1500
O00502,P011,2,250
O00503,P002,2,1900
O00503,P011,3,250
O00504,P011,2,250
O00504,P001,2,1500
O00504,P002,1,1900
O00505,P003,1,2300
O00505,P002,3,1900
O00506,P002,2,1900
O00506,P010,3,120
O00507,P011,1,250
O00508,P011,1,250
O00509,P010,2,120
O00509,P011,3,250
O00509,P001,3,1500
O00510,P003,3,2300
O00510,P011,1,250
O00510,P002,3,1900
O00511,P001,3,1500
O00512,P010,2,120
O00512,P002,1,1900
O00512,P001,1,1500
O00513,P003,3,2300
O00513,P011,3,250
O00514,P010,2,120
O00514,P003,1,2300
O00515,P002,1,1900
O00516,P011,1,250
O00516,P003,2,2300
O00516,P010,3,120
O00517,P001,2,1500
O00518,P001,1,1500
O00519,P010,2,120
O00519,P011,3,250
O00519,P003,3,2300
O00520,P010,3,120
O00520,P003,2,2300
O00520,P011,3,250
O00521,P010,1,120
O00521,P003,1,2300
O00521,P001,1,1500
O00522,P001,1,1500
O00523,P002,2,1900
O00523,P001,3,1500
O00523,P010,1,120
O00524,P002,3,1900
O00524,P010,1,120
O00524,P003,1,2300
O00525,P010,2,120
O00525,P002,2,1900
O00526,P001,1,1500
O00527,P010,2,120
O00528,P001,3,1500
O00528,P010,1,120
O00529,P003,3,2300
O00530,P001,1,1500
O00530,P003,1,2300
O00531,P010,3,120
O00531,P011,3,250
O00531,P002,3,1900
O00532,P011,2,250
O00532,P003,2,2300
O00532,P001,2,1500
O00533,P011,3,250
O00533,P010,1,120
O00533,P001,3,1500
O00534,P010,3,120
O00535,P011,2,250
O00535,P001,3,1500
O00536,P010,2,120
O00536,P001,3,1500
O00537,P003,2,2300
O00537,P010,1,120
O00537,P011,1,250
O00538,P002,2,1900
O00538,P010,2,120
O00539,P011,1,250
O00540,P003,2,2300
O00540,P010,3,120
O00540,P001,3,1500
O00541,P010,2,120
O00541,P003,1,2300
O00542,P002,3,1900
O00542,P003,1,2300
O00542,P010,3,120
O00543,P002,1,1900
O00543,P011,1,250
O00544,P010,2,120
O00544,P001,2,1500
O00544,P002,1,1900
O00545,P011,1,250
O00546,P003,2,2300
O00547,P002,3,1900
O00547,P011,1,250
O00548,P003,2,2300
O00549,P011,1,250
O00550,P011,1,250
O00551,P003,2,2300
O00551,P011,1,250
O00552,P003,3,2300
O00552,P002,3,1900
O00552,P011,3,250
O00553,P001,2,1500
O00554,P001,3,1500
O00554,P011,3,250
O00555,P011,1,250
O00556,P001,1,1500
O00556,P002,1,1900
O00556,P003,2,2300
O00557,P003,3,2300
O00558,P011,3,250
O00558,P010,1,120
O00559,P003,2,2300
O00560,P001,1,1500
O00561,P010,1,120
O00561,P001,2,1500
O00562,P003,1,2300
O00562,P002,2,1900
O00563,P010,3,120
O00563,P003,3,2300
O00564,P002,3,1900
O00565,P002,2,1900
O00565,P011,2,250
O00566,P010,1,120
O00566,P003,2,2300
O00567,P001,3,1500
O00568,P001,2,1500
O00568,P011,2,250
O00568,P002,1,1900
O00569,P001,1,1500
O00569,P010,3,120
O00570,P002,3,1900
O00570,P001,3,1500
O00570,P003,3,2300
O00571,P010,3,120
O00571,P011,3,250
O00572,P003,1,2300
O00572,P011,2,250
O00572,P002,3,1900
O00573,P002,3,1900
O00573,P010,1,120
O00573,P011,3,250
O00574,P011,2,250
O00574,P010,3,120
O00574,P003,2,2300
O00575,P003,1,2300
O00576,P011,2,250
O00577,P002,1,1900
O00577,P003,1,2300
O00578,P011,2,250
O00578,P003,3,2300
O00578,P010,1,120
O00579,P001,3,1500
O00580,P003,3,2300
O00580,P002,2,1900
O00580,P010,3,120
O00581,P001,2,1500
O00582,P011,1,250
O00582,P003,1,2300
O00583,P001,3,1500
O00583,P010,3,120
O00583,P002,1,1900
O00584,P003,3,2300
O00584,P002,3,1900
O00585,P011,2,250
O00585,P002,2,1900
O00585,P010,3,120
O00586,P011,2,250
O00586,P002,3,1900
O00586,P003,3,2300
O00587,P001,2,1500
O00588,P011,2,250
O00588,P002,1,1900
O00588,P010,1,120
O00589,P010,1,120
O00589,P011,1,250
O00589,P001,2,1500
O00590,P010,1,120
O00591,P001,3,1500
O00591,P003,3,2300
O00592,P011,2,250
O00592,P010,3,120
O00593,P010,3,120
O00593,P011,2,250
O00594,P010,3,120
O00594,P002,1,1900
O00594,P001,2,1500
O00595,P010,3,120
O00595,P002,3,1900
O00595,P003,1,2300
O00596,P002,1,1900
O00596,P010,3,120
O00596,P011,1,250
O00597,P003,2,2300
O00597,P001,1,1500
O00597,P011,1,250
O00598,P011,1,250
O00598,P003,3,2300
O00599,P001,2,1500
O00600,P003,2,2300
O00600,P011,2,250
O00601,P002,1,1900
O00602,P010,2,120
O00602,P001,1,1500
O00602,P002,1,1900
O00603,P010,3,120
O00603,P001,2,1500
O00603,P011,1,250
O00604,P010,2,120
O00605,P003,2,2300
O00605,P010,2,120
O00605,P002,3,1900
O00606,P002,3,1900
O00606,P011,2,250
O00606,P003,2,2300
O00607,P010,2,120
O00607,P002,1,1900
O00607,P003,3,2300
O00608,P011,1,250
O00608,P010,2,120
O00608,P002,2,1900
O00609,P001,2,1500
O00609,P010,3,120
O00609,P003,1,2300
O00610,P001,3,1500
O00611,P003,3,2300
O00611,P001,1,1500
O00611,P011,1,250
O00612,P011,3,250
O00612,P001,1,1500
O00612,P003,2,2300
O00613,P001,3,1500
O00613,P011,1,250
O00613,P003,1,2300
O00614,P002,3,1900
O00614,P011,3,250
O00615,P001,2,1500
O00615,P003,3,2300
O00616,P010,1,120
O00617,P010,2,120
O00617,P002,1,1900
O00618,P003,1,2300
O00618,P010,1,120
O00618,P002,1,1900
O00619,P002,1,1900
O00619,P003,2,2300
O00619,P001,1,1500
O00620,P003,2,2300
O00621,P002,2,1900
O00621,P001,1,1500
O00621,P003,1,2300
O00622,P001,1,1500
O00622,P003,2,2300
O00622,P002,1,1900
O00623,P003,2,2300
O00623,P011,1,250
O00624,P002,1,1900
O00625,P011,3,250
O00625,P002,3,1900
O00625,P010,2,120
O00626,P003,1,2300
O00627,P010,1,120
O00627,P011,2,250
O00628,P010,3,120
O00629,P001,2,1500
O00630,P011,3,250
O00630,P001,3,1500
O00630,P010,1,120
O00631,P011,2,250
O00631,P010,1,120
O00632,P011,2,250
O00632,P002,3,1900
O00632,P001,1,1500
O00633,P011,2,250
O00634,P010,2,120
O00634,P001,3,1500
O00634,P011,2,250
O00635,P002,2,1900
O00635,P001,2,1500
O00635,P010,3,120
O00636,P010,3,120
O00636,P003,1,2300
O00637,P011,1,250
O00637,P003,3,2300
O00637,P001,3,1500
O00638,P001,2,1500
O00638,P003,3,2300
O00638,P011,1,250
O00639,P011,2,250
O00640,P002,3,1900
O00640,P003,2,2300
O00641,P003,1,2300
O00641,P010,3,120
O00641,P002,2,1900
O00642,P002,3,1900
O00642,P010,2,120
O00643,P002,3,1900
O00644,P011,2,250
O00645,P001,3,1500
O00646,P010,3,120
O00647,P010,1,120
O00647,P011,3,250
O00647,P003,3,2300
O00648,P011,1,250
O00649,P010,2,120
O00649,P001,3,1500
O00649,P002,2,1900
O00650,P002,1,1900
O00650,P001,2,1500
O00651,P002,1,1900
O00651,P010,1,120
O00652,P001,3,1500
O00652,P003,2,2300
O00652,P010,1,120
O00653,P011,3,250
O00654,P002,2,1900
O00654,P011,2,250
O00655,P003,2,2300
O00656,P011,1,250
O00656,P002,3,1900
O00656,P001,2,1500
O00657,P003,3,2300
O00658,P010,1,120
O00658,P002,3,1900
O00658,P003,3,2300
O00659,P011,3,250
O00659,P002,1,1900
O00659,P001,3,1500
O00660,P002,2,1900
O00661,P002,3,1900
O00661,P003,1,2300
O00661,P001,3,1500
O00662,P011,3,250
O00662,P003,2,2300
O00662,P010,1,120
O00663,P001,2,1500
O00663,P003,2,2300
O00664,P001,2,1500
O00664,P010,2,120
O00665,P001,2,1500
O00665,P002,2,1900
O00665,P011,3,250
O00666,P003,2,2300
O00666,P001,1,1500
O00667,P001,3,1500
O00667,P011,1,250
O00668,P010,1,120
O00668,P001,1,1500
O00668,P011,2,250
O00669,P001,1,1500
O00669,P011,2,250
O00670,P001,2,1500
O00670,P003,1,2300
O00671,P010,1,120
O00672,P001,3,1500
O00672,P003,1,2300
O00673,P011,3,250
O00674,P001,3,1500
O00674,P010,1,120
O00675,P001,1,1500
O00676,P003,1,2300
O00676,P001,1,1500
O00677,P001,3,1500
O00677,P003,3,2300
O00678,P001,3,1500
O00678,P011,1,250
O00679,P001,2,1500
O00679,P003,1,2300
O00679,P002,3,1900
O00680,P002,2,1900
O00680,P001,2,1500
O00681,P010,2,120
O00681,P001,3,1500
O00682,P001,2,1500
O00682,P010,3,120
O00682,P003,1,2300
O00683,P001,1,1500
O00684,P001,1,1500
O00684,P002,3,1900
O00684,P003,3,2300
O00685,P003,2,2300
O00685,P010,3,120
O00686,P010,1,120
O00686,P002,1,1900
O00686,P001,1,1500
O00687,P003,3,2300
O00688,P011,2,250
O00688,P003,3,2300
O00689,P002,2,1900
O00689,P011,3,250
O00689,P010,2,120
O00690,P003,3,2300
O00690,P001,3,1500
O00691,P002,3,1900
O00691,P001,3,1500
O00691,P010,1,120
O00692,P003,1,2300
O00692,P002,3,1900
O00693,P001,2,1500
O00694,P010,3,120
O00695,P010,3,120
O00695,P003,2,2300
O00695,P011,3,250
O00696,P010,1,120
O00696,P003,1,2300
O00697,P001,1,1500
O00697,P010,1,120
O00698,P002,3,1900
O00698,P011,1,250
O00698,P010,1,120
O00699,P003,1,2300
O00699,P010,2,120
O00700,P001,2,1500
O00701,P001,2,1500
O00702,P011,1,250
O00703,P003,2,2300
O00704,P011,2,250
O00705,P001,1,1500
O00706,P003,1,2300
O00707,P003,3,2300
O00708,P003,3,2300
O00709,P002,1,1900
O00710,P002,2,1900
O00711,P001,3,1500
O00712,P010,3,120
O00713,P003,1,2300
O00714,P010,2,120
O00714,P002,2,1900
O00715,P002,1,1900
O00715,P010,1,120
O00715,P003,1,2300
O00716,P002,1,1900
O00717,P010,3,120
O00717,P003,2,2300
O00717,P002,3,1900
O00718,P001,3,1500
O00719,P002,2,1900
O00719,P003,1,2300
O00719,P001,1,1500
O00720,P003,3,2300
O00720,P002,2,1900
O00720,P011,1,250
O00721,P001,3,1500
O00721,P010,1,120
O00721,P003,1,2300
O00722,P010,3,120
O00722,P003,2,2300
O00722,P002,1,1900
O00723,P003,3,2300
O00723,P010,2,120
O00724,P003,3,2300
O00724,P010,3,120
O00725,P001,1,1500
O00725,P002,2,1900
O00725,P011,1,250
O00726,P002,2,1900
O00726,P003,2,2300
O00727,P002,3,1900
O00727,P003,1,2300
O00727,P011,1,250
O00728,P003,2,2300
O00729,P003,1,2300
O00729,P002,2,1900
O00729,P011,3,250
O00730,P003,2,2300
O00730,P010,2,120
O00730,P002,2,1900
O00731,P010,2,120
O00731,P003,2,2300
O00732,P002,2,1900
O00733,P003,3,2300
O00734,P003,1,2300
O00735,P011,2,250
O00735,P001,1,1500
O00736,P001,1,1500
O00737,P001,2,1500
O00737,P002,1,1900
O00738,P003,3,2300
O00738,P011,3,250
O00738,P002,2,1900
O00739,P011,1,250
O00740,P011,2,250
O00740,P003,2,2300
O00740,P001,2,1500
O00741,P010,2,120
O00741,P001,3,1500
O00742,P002,1,1900
O00742,P010,3,120
O00742,P001,3,1500
O00743,P010,1,120
O00744,P011,2,250
O00744,P010,2,120
O00744,P003,1,2300
O00745,P002,3,1900
O00745,P010,2,120
O00746,P010,2,120
O00747,P001,3,1500
O00747,P003,1,2300
O00747,P011,2,250
O00748,P001,2,1500
O00748,P010,2,120
O00748,P003,1,2300
O00749,P010,3,120
O00749,P011,3,250
O00750,P003,3,2300
O00750,P001,1,1500
O00751,P002,2,1900
O00752,P011,1,250
O00752,P010,2,120
O00752,P002,1,1900
O00753,P010,1,120
O00753,P002,2,1900
O00753,P011,3,250
O00754,P003,1,2300
O00754,P001,1,1500
O00755,P011,3,250
O00755,P002,3,1900
O00755,P001,2,1500
O00756,P002,1,1900
O00757,P010,2,120
O00758,P002,2,1900
O00759,P011,1,250
O00759,P001,2,1500
O00759,P002,3,1900
O00760,P002,2,1900
O00761,P010,1,120
O00761,P002,1,1900
O00762,P010,1,120
O00762,P011,2,250
O00762,P003,1,2300
O00763,P002,2,1900
O00764,P010,3,120
O00764,P002,3,1900
O00765,P011,3,250
O00765,P002,3,1900
O00766,P010,1,120
O00766,P003,1,2300
O00766,P001,2,1500
O00767,P010,3,120
O00768,P011,2,250
O00769,P010,3,120
O00769,P011,1,250
O00769,P002,3,1900
O00770,P003,3,2300
O00771,P003,2,2300
O00771,P011,3,250
O00772,P010,1,120
O00773,P011,3,250
O00774,P010,3,120
O00774,P011,1,250
O00775,P011,3,250
O00775,P001,1,1500
O00775,P002,1,1900
O00776,P003,3,2300
O00777,P003,3,2300
O00777,P001,3,1500
O00777,P011,1,250
O00778,P010,2,120
O00778,P001,1,1500
O00779,P011,2,250
O00780,P010,2,120
O00780,P002,1,1900
O00781,P001,1,1500
O00781,P010,3,120
O00781,P011,3,250
O00782,P010,3,120
O00782,P011,2,250
O00782,P002,1,1900
O00783,P001,2,1500
O00783,P011,1,250
O00784,P002,3,1900
O00784,P003,2,2300
O00784,P010,2,120
O00785,P001,3,1500
O00785,P011,3,250
O00786,P010,1,120
O00787,P003,1,2300
O00787,P002,1,1900
O00788,P001,1,1500
O00788,P002,3,1900
O00788,P010,3,120
O00789,P002,3,1900
O00789,P001,1,1500
O00790,P003,2,2300
O00790,P002,1,1900
O00790,P010,1,120
O00791,P001,3,1500
O00791,P002,1,1900
O00791,P010,3,120
O00792,P001,2,1500
O00792,P010,2,120
O00792,P003,1,2300
O00793,P001,1,1500
O00793,P011,1,250
O00793,P002,2,1900
O00794,P002,1,1900
O00795,P010,1,120
O00796,P003,1,2300
O00797,P001,3,1500
O00797,P002,1,1900
O00797,P011,3,250
O00798,P001,2,1500
O00799,P001,3,1500
O00799,P003,3,2300
O00799,P002,1,1900
O00800,P002,1,1900
O00800,P010,1,120
O00800,P011,1,250
O00801,P003,2,2300
O00802,P001,2,1500
O00803,P003,1,2300
O00803,P001,2,1500
O00803,P002,1,1900
O00804,P003,3,2300
O00805,P003,1,2300
O00805,P001,2,1500
O00805,P010,2,120
O00806,P010,3,120
O00806,P001,3,1500
O00806,P003,1,2300
O00807,P001,3,1500
O00807,P003,3,2300
O00808,P002,1,1900
O00808,P003,3,2300
O00809,P003,2,2300
O00809,P010,1,120
O00809,P001,3,1500
O00810,P010,3,120
O00810,P011,3,250
O00810,P003,1,2300
O00811,P011,1,250
O00811,P001,3,1500
O00811,P010,1,120
O00812,P002,1,1900
O00812,P010,3,120
O00813,P001,1,1500
O00814,P010,1,120
O00814,P003,1,2300
O00815,P002,1,1900
O00815,P001,3,1500
O00816,P010,2,120
O00816,P003,2,2300
O00816,P001,3,1500
O00817,P011,2,250
O00818,P003,3,2300
O00818,P001,2,1500
O00818,P010,2,120
O00819,P002,3,1900
O00820,P002,3,1900
O00821,P002,2,1900
O00821,P010,1,120
O00821,P003,2,2300
O00822,P001,1,1500
O00822,P011,1,250
O00822,P002,1,1900
O00823,P002,1,1900
O00823,P011,1,250
O00823,P001,3,1500
O00824,P002,1,1900
O00824,P011,2,250
O00824,P003,3,2300
O00825,P003,3,2300
O00825,P002,1,1900
O00826,P010,1,120
O00827,P002,3,1900
O00827,P003,2,2300
O00827,P011,3,250
O00828,P003,2,2300
O00829,P003,2,2300
O00830,P002,2,1900
O00830,P010,2,120
O00831,P011,2,250
O00831,P010,1,120
O00831,P001,2,1500
O00832,P001,3,1500
O00832,P003,3,2300
O00833,P011,3,250
O00834,P003,2,2300
O00835,P003,2,2300
O00835,P010,2,120
O00836,P011,2,250
O00836,P010,1,120
O00836,P001,3,1500
O00837,P002,1,1900
O00837,P011,1,250
O00838,P011,3,250
O00839,P003,2,2300
O00839,P010,2,120
O00839,P002,3,1900
O00840,P010,2,120
O00840,P011,3,250
O00841,P001,1,1500
O00841,P010,2,120
O00841,P011,3,250
O00842,P002,2,1900
O00843,P003,3,2300
O00843,P010,3,120
O00844,P001,2,1500
O00844,P010,3,120
O00845,P002,2,1900
O00846,P003,3,2300
O00847,P001,3,1500
O00847,P002,2,1900
O00847,P010,3,120
O00848,P003,1,2300
O00849,P011,1,250
O00849,P002,1,1900
O00849,P001,3,1500
O00850,P010,3,120
O00850,P011,1,250
O00850,P003,3,2300
O00851,P010,1,120
O00852,P003,3,2300
O00852,P011,3,250
O00853,P010,2,120
O00853,P003,3,2300
O00853,P011,1,250
O00854,P011,2,250
O00855,P003,3,2300
O00856,P010,3,120
O00857,P001,2,1500
O00857,P002,1,1900
O00858,P001,3,1500
O00859,P011,3,250
O00859,P010,2,120
O00860,P010,2,120
O00860,P002,1,1900
O00860,P001,3,1500
O00861,P002,2,1900
O00862,P011,1,250
O00863,P011,1,250
O00863,P002,1,1900
O00864,P002,1,1900
O00865,P010,3,120
O00865,P011,3,250
O00866,P002,1,1900
O00867,P001,1,1500
O00867,P010,2,120
O00868,P003,1,2300
O00869,P002,3,1900
O00869,P010,1,120
O00869,P011,1,250
O00870,P003,1,2300
O00871,P011,1,250
O00871,P001,3,1500
O00871,P010,1,120
O00872,P011,2,250
O00872,P003,2,2300
O00873,P011,2,250
O00873,P010,2,120
O00874,P003,2,2300
O00874,P011,3,250
O00874,P001,2,1500
O00875,P011,2,250
O00875,P001,2,1500
O00876,P001,2,1500
O00877,P010,3,120
O00877,P002,1,1900
O00877,P001,3,1500
O00878,P002,2,1900
O00878,P003,3,2300
O00879,P010,1,120
O00879,P011,1,250
O00879,P003,3,2300
O00880,P001,1,1500
O00880,P003,3,2300
O00881,P010,3,120
O00881,P002,2,1900
O00882,P011,2,250
O00882,P001,2,1500
O00883,P001,2,1500
O00883,P010,3,120
O00884,P002,3,1900
O00885,P011,2,250
O00885,P001,1,1500
O00885,P010,2,120
O00886,P011,2,250
O00886,P010,1,120
O00886,P001,2,1500
O00887,P011,1,250
O00887,P002,1,1900
O00887,P001,3,1500
O00888,P001,3,1500
O00888,P011,1,250
O00888,P002,1,1900
O00889,P010,1,120
O00889,P003,3,2300
O00890,P010,3,120
O00890,P001,1,1500
O00891,P010,2,120
O00891,P001,1,1500
O00891,P003,3,2300
O00892,P001,3,1500
O00892,P003,3,2300
O00892,P002,3,1900
O00893,P010,1,120
O00893,P011,2,250
O00893,P001,1,1500
O00894,P001,1,1500
O00894,P011,2,250
O00895,P011,1,250
O00895,P002,3,1900
O00895,P003,2,2300
O00896,P003,2,2300
O00897,P001,3,1500
O00897,P003,3,2300
O00897,P011,1,250
O00898,P010,2,120
O00898,P003,3,2300
O00899,P011,3,250
O00900,P011,2,250
O00900,P002,1,1900
O00900,P001,3,1500
O00901,P003,2,2300
O00901,P002,1,1900
O00902,P010,3,120
O00902,P002,2,1900
O00903,P001,3,1500
O00904,P003,2,2300
O00904,P001,3,1500
O00905,P010,2,120
O00905,P002,3,1900
O00905,P011,2,250
O00906,P003,1,2300
O00907,P002,3,1900
O00907,P011,1,250
O00907,P003,1,2300
O00908,P010,3,120
O00908,P003,1,2300
O00909,P011,2,250
O00910,P010,2,120
O00910,P011,2,250
O00911,P001,2,1500
O00911,P003,3,2300
O00912,P011,2,250
O00913,P002,2,1900
O00914,P001,3,1500
O00914,P003,1,2300
O00914,P002,3,1900
O00915,P010,3,120
O00916,P003,1,2300
O00916,P002,1,1900
O00917,P002,3,1900
O00917,P001,3,1500
O00917,P011,1,250
O00918,P002,3,1900
O00918,P010,1,120
O00918,P011,1,250
O00919,P003,2,2300
O00920,P001,1,1500
O00921,P003,3,2300
O00921,P010,3,120
O00921,P001,2,1500
O00922,P001,1,1500
O00923,P010,2,120
O00924,P011,3,250
O00924,P002,3,1900
O00925,P001,3,1500
O00925,P010,2,120
O00926,P010,1,120
O00926,P003,1,2300
O00927,P001,1,1500
O00928,P011,1,250
O00928,P002,3,1900
O00929,P011,3,250
O00929,P010,3,120
O00929,P002,1,1900
O00930,P002,3,1900
O00930,P010,3,120
O00930,P011,2,250
O00931,P011,1,250
O00931,P002,2,1900
O00932,P011,1,250
O00933,P001,3,1500
O00933,P010,3,120
O00934,P010,3,120
O00934,P001,3,1500
O00934,P003,3,2300
O00935,P001,1,1500
O00935,P002,1,1900
O00935,P003,3,2300
O00936,P002,2,1900
O00936,P001,2,1500
O00936,P003,1,2300
O00937,P002,3,1900
O00938,P002,1,1900
O00939,P003,1,2300
O00939,P001,3,1500
O00939,P010,2,120
O00940,P011,2,250
O00940,P002,3,1900
O00941,P002,2,1900
O00942,P011,2,250
O00943,P011,3,250
O00943,P010,2,120
O00943,P001,3,1500
O00944,P011,3,250
O00944,P003,3,2300
O00945,P002,1,1900
O00945,P001,1,1500
O00945,P003,1,2300
O00946,P002,2,1900
O00947,P002,3,1900
O00948,P002,1,1900
O00948,P003,3,2300
O00948,P011,3,250
O00949,P001,2,1500
O00949,P003,2,2300
O00950,P002,1,1900
O00950,P010,2,120
O00950,P011,3,250
O00951,P002,1,1900
O00951,P011,3,250
O00952,P003,2,2300
O00952,P002,3,1900
O00952,P011,3,250
O00953,P011,1,250
O00953,P002,2,1900
O00953,P010,2,120
O00954,P001,1,1500
O00954,P002,2,1900
O00955,P011,1,250
O00956,P011,2,250
O00956,P010,3,120
O00956,P001,1,1500
O00957,P003,1,2300
O00957,P011,1,250
O00958,P001,2,1500
O00958,P011,1,250
O00959,P001,1,1500
O00959,P011,3,250
O00960,P003,3,2300
O00960,P010,2,120
O00960,P001,3,1500
O00961,P003,1,2300
O00961,P011,1,250
O00961,P010,1,120
O00962,P010,2,120
O00962,P002,3,1900
O00963,P011,3,250
O00963,P010,1,120
O00963,P002,2,1900
O00964,P011,3,250
O00965,P002,1,1900
O00966,P011,1,250
O00966,P003,3,2300
O00967,P003,3,2300
O00967,P002,2,1900
O00967,P011,3,250
O00968,P002,2,1900
O00968,P010,2,120
O00969,P003,3,2300
O00969,P011,3,250
O00969,P002,1,1900
O00970,P001,2,1500
O00970,P003,2,2300
O00971,P001,1,1500
O00972,P002,3,1900
O00972,P001,1,1500
O00972,P010,1,120
O00973,P003,2,2300
O00973,P010,3,120
O00973,P001,3,1500
O00974,P002,3,1900
O00974,P010,3,120
O00974,P011,3,250
O00975,P001,3,1500
O00975,P010,1,120
O00975,P011,3,250
O00976,P010,3,120
O00977,P003,3,2300
O00977,P002,3,1900
O00977,P011,3,250
O00978,P001,3,1500
O00978,P010,3,120
O00978,P011,1,250
O00979,P001,2,1500
O00980,P011,2,250
O00981,P010,2,120
O00982,P002,1,1900
O00982,P003,2,2300
O00983,P002,2,1900
O00983,P001,2,1500
O00983,P011,2,250
O00984,P002,3,1900
O00984,P001,3,1500
O00985,P010,3,120
O00985,P002,3,1900
O00985,P011,1,250
O00986,P011,1,250
O00986,P010,2,120
O00987,P011,2,250
O00988,P003,1,2300
O00988,P011,1,250
O00989,P002,2,1900
O00989,P010,1,120
O00990,P010,2,120
O00991,P001,3,1500
O00992,P002,2,1900
O00992,P010,1,120
O00992,P001,1,1500
O00993,P003,2,2300
O00993,P002,2,1900
O00993,P010,2,120
O00994,P010,3,120
O00994,P002,2,1900
O00995,P010,3,120
O00996,P002,2,1900
O00996,P011,3,250
O00997,P001,3,1500
O00997,P003,1,2300
O00998,P002,2,1900
O00999,P002,2,1900
O01000,P003,1,2300
O01000,P001,3,1500
O01001,P010,3,120
O01002,P001,2,1500
O01002,P010,3,120
O01003,P002,2,1900
O01003,P003,3,2300
O01004,P010,1,120
O01004,P002,1,1900
O01004,P001,1,1500
O01005,P003,3,2300
O01006,P002,1,1900
O01007,P003,3,2300
O01007,P010,1,120
O01007,P011,2,250
O01008,P003,2,2300
O01008,P011,1,250
O01009,P002,3,1900
O01009,P011,3,250
O01010,P002,2,1900
O01011,P003,3,2300
O01012,P010,1,120
O01013,P001,1,1500
O01013,P002,3,1900
O01014,P002,1,1900
O01014,P011,2,250
O01014,P001,1,1500
O01015,P002,2,1900
O01015,P011,1,250
O01016,P002,2,1900
O01016,P001,2,1500
O01016,P010,3,120
O01017,P002,2,1900
O01017,P011,2,250
O01018,P001,3,1500
O01018,P010,1,120
O01019,P001,2,1500
O01019,P003,2,2300
O01020,P010,2,120
O01020,P002,1,1900
O01021,P001,1,1500
O01022,P003,1,2300
O01023,P010,3,120
O01023,P003,1,2300
O01024,P002,2,1900
O01024,P003,2,2300
O01025,P003,1,2300
O01025,P001,3,1500
O01026,P011,1,250
O01027,P003,3,2300
O01027,P011,3,250
O01028,P011,3,250
O01028,P003,2,2300
O01028,P001,1,1500
O01029,P010,1,120
O01029,P001,3,1500
O01029,P011,3,250
O01030,P001,3,1500
O01030,P011,1,250
O01030,P003,1,2300
O01031,P010,3,120
O01031,P001,3,1500
O01031,P011,2,250
O01032,P010,3,120
O01032,P002,3,1900
O01033,P001,1,1500
O01034,P010,3,120
O01035,P003,2,2300
O01035,P011,3,250
O01035,P002,3,1900
O01036,P010,1,120
O01037,P010,1,120
O01037,P001,3,1500
O01038,P002,1,1900
O01038,P003,3,2300
O01039,P002,3,1900
O01040,P010,1,120
O01040,P001,2,1500
O01041,P010,3,120
O01041,P011,2,250
O01041,P002,1,1900
O01042,P001,1,1500
O01043,P002,2,1900
O01043,P001,3,1500
O01043,P003,3,2300
O01044,P011,1,250
O01044,P003,2,2300
O01044,P002,3,1900
O01045,P011,1,250
O01045,P001,1,1500
O01046,P011,1,250
O01047,P001,2,1500
O01047,P002,1,1900
O01048,P001,1,1500
O01048,P002,3,1900
O01049,P001,3,1500
O01050,P011,2,250
O01050,P003,1,2300
O01051,P011,1,250
O01051,P003,2,2300
O01051,P010,3,120
O01052,P003,3,2300
O01052,P001,1,1500
O01053,P002,1,1900
O01053,P003,2,2300
O01054,P011,3,250
O01055,P001,2,1500
O01055,P010,3,120
O01055,P003,3,2300
O01056,P011,1,250
O01056,P002,2,1900
O01056,P010,2,120
O01057,P011,3,250
O01058,P002,1,1900
O01058,P010,3,120
O01059,P010,2,120
O01059,P003,1,2300
O01059,P001,2,1500
O01060,P010,1,120
O01061,P002,3,1900
O01062,P002,1,1900
O01062,P003,2,2300
O01063,P002,2,1900
O01064,P011,1,250
O01064,P002,1,1900
O01064,P001,2,1500
O01065,P010,3,120
O01066,P001,3,1500
O01066,P002,1,1900
O01067,P001,1,1500
O01067,P010,1,120
O01067,P002,1,1900
O01068,P001,1,1500
O01068,P002,2,1900
O01068,P011,1,250
O01069,P011,1,250
O01069,P001,3,1500
O01069,P010,3,120
O01070,P001,1,1500
O01070,P002,2,1900
O01071,P010,2,120
O01071,P002,2,1900
O01071,P011,1,250
O01072,P001,3,1500
O01073,P003,1,2300
O01073,P001,1,1500
O01073,P010,3,120
O01074,P001,1,1500
O01074,P010,1,120
O01075,P001,1,1500
O01076,P010,2,120
O01076,P002,3,1900
O01077,P002,3,1900
O01077,P010,3,120
O01078,P010,1,120
O01079,P002,1,1900
O01080,P003,3,2300
O01080,P001,2,1500
O01081,P003,1,2300
O01082,P011,1,250
O01083,P010,3,120
O01084,P011,3,250
O01084,P002,2,1900
O01085,P003,3,2300
O01086,P003,2,2300
O01086,P001,2,1500
O01087,P003,1,2300
O01087,P011,1,250
O01087,P010,1,120
O01088,P002,2,1900
O01088,P003,2,2300
O01088,P001,3,1500
O01089,P001,3,1500
O01089,P011,2,250
O01090,P003,2,2300
O01090,P002,1,1900
O01090,P001,1,1500
O01091,P003,2,2300
O01091,P011,2,250
O01092,P010,1,120
O01092,P003,3,2300
O01093,P010,2,120
O01094,P010,3,120
O01094,P011,1,250
O01094,P003,2,2300
O01095,P011,3,250
O01096,P011,3,250
O01096,P002,1,1900
O01097,P003,1,2300
O01098,P001,2,1500
O01099,P010,1,120
O01099,P002,2,1900
O01099,P001,2,1500
O01100,P003,2,2300
O01101,P011,2,250
O01102,P002,1,1900
O01103,P002,1,1900
O01104,P002,1,1900
O01104,P010,3,120
O01104,P003,2,2300
O01105,P001,3,1500
O01105,P011,3,250
O01106,P010,3,120
O01107,P001,1,1500
O01108,P002,1,1900
O01108,P001,1,1500
O01109,P011,2,250
O01110,P002,2,1900
O01111,P002,2,1900
O01111,P003,3,2300
O01111,P011,2,250
O01112,P001,1,1500
O01112,P003,1,2300
O01113,P001,3,1500
O01114,P011,1,250
O01115,P010,2,120
O01116,P010,3,120
O01116,P003,2,2300
O01116,P011,3,250
O01117,P010,1,120
O01118,P001,1,1500
O01118,P010,3,120
O01119,P010,3,120
O01120,P002,2,1900
O01121,P011,3,250
O01122,P010,2,120
O01123,P010,1,120
O01123,P011,1,250
O01124,P010,2,120
O01124,P002,1,1900
O01125,P001,2,1500
O01126,P003,2,2300
O01126,P001,1,1500
O01126,P010,3,120
O01127,P001,1,1500
O01128,P001,3,1500
O01128,P003,1,2300
O01128,P011,3,250
O01129,P002,2,1900
O01130,P011,3,250
O01131,P011,2,250
O01132,P001,2,1500
O01133,P003,1,2300
O01134,P003,3,2300
O01134,P010,1,120
O01135,P010,1,120
O01135,P003,3,2300
O01136,P001,3,1500
O01136,P003,3,2300
O01136,P002,1,1900
O01137,P002,2,1900
O01137,P001,2,1500
O01137,P003,3,2300
O01138,P003,1,2300
O01139,P010,1,120
O01140,P001,3,1500
O01140,P002,3,1900
O01140,P011,1,250
O01141,P002,1,1900
O01141,P003,2,2300
O01141,P011,2,250
O01142,P011,1,250
O01142,P010,3,120
O01143,P010,3,120
O01143,P002,3,1900
O01143,P001,1,1500
O01144,P011,3,250
O01145,P001,1,1500
O01145,P011,2,250
O01146,P001,2,1500
O01146,P010,2,120
O01146,P011,1,250
O01147,P002,2,1900
O01147,P001,3,1500
O01148,P003,1,2300
O01148,P001,1,1500
O01149,P010,2,120
O01149,P003,2,2300
O01149,P002,3,1900
O01150,P001,3,1500
O01151,P001,2,1500
O01151,P003,2,2300
O01152,P011,2,250
O01152,P002,2,1900
O01153,P011,1,250
O01153,P003,3,2300
O01153,P002,2,1900
O01154,P010,1,120
O01154,P003,3,2300
O01154,P011,3,250
O01155,P002,3,1900
O01156,P001,2,1500
O01156,P002,2,1900
O01156,P011,1,250
O01157,P010,2,120
O01157,P001,2,1500
O01157,P011,3,250
O01158,P003,2,2300
O01159,P011,1,250
O01159,P010,1,120
O01160,P001,2,1500
O01161,P002,2,1900
O01161,P010,1,120
O01162,P003,1,2300
O01162,P010,3,120
O01163,P010,2,120
O01163,P001,1,1500
O01163,P002,3,1900
O01164,P010,1,120
O01165,P002,1,1900
O01165,P003,3,2300
O01165,P010,2,120
O01166,P003,2,2300
O01167,P002,1,1900
O01167,P001,1,1500
O01168,P010,3,120
O01168,P003,1,2300
O01168,P002,1,1900
O01169,P001,2,1500
O01170,P001,3,1500
O01170,P003,2,2300
O01171,P011,3,250
O01171,P002,2,1900
O01172,P001,1,1500
O01173,P003,1,2300
O01173,P011,1,250
O01174,P010,2,120
O01174,P011,3,250
O01175,P002,3,1900
O01175,P010,3,120
O01175,P011,2,250
O01176,P011,3,250
O01177,P001,3,1500
O01178,P011,3,250
O01178,P002,3,1900
O01178,P010,3,120
O01179,P003,2,2300
O01179,P001,1,1500
O01179,P010,2,120
O01180,P001,2,1500
O01180,P010,3,120
O01181,P001,3,1500
O01181,P010,2,120
O01181,P011,3,250
O01182,P001,3,1500
O01182,P011,1,250
O01182,P010,2,120
O01183,P011,2,250
O01183,P002,1,1900
O01183,P003,2,2300
O01184,P002,3,1900
O01185,P001,1,1500
O01185,P003,2,2300
O01185,P002,2,1900
O01186,P001,2,1500
O01186,P010,2,120
O01186,P003,2,2300
O01187,P003,3,2300
O01187,P010,2,120
O01188,P002,2,1900
O01189,P003,3,2300
O01189,P002,3,1900
O01190,P011,2,250
O01191,P003,3,2300
O01191,P010,2,120
O01192,P011,1,250
O01192,P001,1,1500
O01192,P010,3,120
O01193,P011,2,250
O01194,P010,3,120
O01195,P011,2,250
O01195,P001,3,1500
O01195,P003,3,2300
O01196,P003,2,2300
O01197,P002,2,1900
O01198,P010,2,120
O01198,P001,1,1500
O01198,P011,2,250
O01199,P010,1,120
O01199,P011,2,250
O01200,P011,2,250
O01201,P003,2,2300
O01201,P011,3,250
O01202,P001,2,1500
O01203,P001,1,1500
O01204,P003,3,2300
O01205,P011,1,250
O01205,P003,3,2300
O01205,P002,2,1900
O01206,P011,2,250
O01207,P011,3,250
O01208,P001,1,1500
O01208,P010,3,120
O01209,P002,2,1900
O01209,P010,3,120
O01210,P010,1,120
O01211,P002,3,1900
O01212,P011,2,250
O01213,P003,1,2300
O01213,P002,1,1900
O01213,P010,1,120
O01214,P010,1,120
O01215,P011,3,250
O01215,P002,3,1900
O01215,P001,3,1500
O01216,P011,2,250
O01217,P002,2,1900
O01218,P003,3,2300
O01218,P002,1,1900
O01218,P001,2,1500
O01219,P011,1,250
O01220,P010,1,120
O01220,P003,2,2300
O01220,P011,1,250
O01221,P001,3,1500
O01222,P001,3,1500
O01222,P011,1,250
O01222,P002,1,1900
O01223,P003,2,2300
O01224,P001,1,1500
O01225,P003,2,2300
O01225,P002,1,1900
O01226,P001,1,1500
O01226,P010,2,120
O01227,P001,2,1500
O01227,P002,2,1900
O01227,P003,2,2300
O01228,P010,2,120
O01228,P002,1,1900
O01228,P001,1,1500
O01229,P011,2,250
O01229,P001,2,1500
O01229,P010,2,120
O01230,P011,3,250
O01230,P001,3,1500
O01230,P010,2,120
O01231,P002,3,1900
O01232,P011,1,250
O01233,P011,2,250
O01233,P002,1,1900
O01233,P001,1,1500
O01234,P003,1,2300
O01235,P001,3,1500
O01236,P002,2,1900
O01236,P003,1,2300
O01236,P011,1,250
O01237,P011,2,250
O01237,P003,3,2300
O01238,P010,1,120
O01238,P011,2,250
O01239,P002,3,1900
O01240,P003,3,2300
O01240,P010,3,120
O01240,P001,2,1500
O01241,P002,3,1900
O01242,P010,2,120
O01242,P011,3,250
O01243,P003,1,2300
O01243,P011,3,250
O01243,P010,2,120
O01244,P002,2,1900
O01244,P003,3,2300
O01245,P010,1,120
O01246,P011,2,250
O01247,P010,3,120
O01247,P003,3,2300
O01247,P011,2,250
O01248,P001,1,1500
O01248,P011,2,250
O01249,P002,1,1900
O01249,P003,1,2300
O01250,P003,2,2300
O01251,P003,1,2300
O01252,P003,3,2300
O01253,P003,1,2300
O01254,P011,1,250
O01254,P003,3,2300
O01255,P010,2,120
O01256,P002,3,1900
O01256,P011,2,250
O01256,P001,3,1500
O01257,P001,2,1500
O01257,P010,2,120
O01257,P003,2,2300
O01258,P002,1,1900
O01259,P010,2,120
O01259,P001,2,1500
O01260,P001,2,1500
O01261,P011,2,250
O01262,P010,1,120
O01262,P002,2,1900
O01262,P003,1,2300
O01263,P011,2,250
O01263,P001,1,1500
O01263,P002,2,1900
O01264,P011,3,250
O01265,P003,3,2300
O01266,P001,2,1500
O01267,P010,3,120
O01268,P003,2,2300
O01268,P011,2,250
O01269,P011,2,250
O01270,P011,2,250
O01270,P001,2,1500
O01271,P010,1,120
O01271,P011,2,250
O01271,P003,3,2300
O01272,P001,1,1500
O01273,P001,1,1500
O01274,P003,3,2300
O01275,P010,1,120
O01275,P002,1,1900
O01275,P001,3,1500
O01276,P011,3,250
O01276,P001,1,1500
O01277,P001,1,1500
O01277,P011,2,250
O01278,P003,2,2300
O01279,P011,3,250
O01279,P010,1,120
O01279,P002,1,1900
O01280,P010,2,120
O01280,P001,1,1500
O01280,P011,3,250
O01281,P010,3,120
O01281,P001,3,1500
O01282,P011,2,250
O01283,P010,3,120
O01283,P003,2,2300
O01283,P002,1,1900
O01284,P003,2,2300
O01285,P001,1,1500
O01285,P003,3,2300
O01285,P010,3,120
O01286,P002,2,1900
O01286,P001,1,1500
O01286,P010,1,120
O01287,P002,2,1900
O01288,P002,1,1900
O01288,P010,2,120
O01289,P011,3,250
O01290,P003,2,2300
O01290,P011,3,250
O01290,P010,1,120
O01291,P001,2,1500
O01291,P002,2,1900
O01291,P011,2,250
O01292,P011,1,250
O01292,P002,1,1900
O01292,P010,2,120
O01293,P002,3,1900
O01293,P003,3,2300
O01294,P002,2,1900
O01295,P001,1,1500
O01296,P010,1,120
O01297,P001,3,1500
O01297,P010,3,120
O01298,P003,1,2300
O01298,P011,3,250
O01299,P003,2,2300
O01300,P002,2,1900
O01301,P010,2,120
O01301,P003,2,2300
O01301,P001,2,1500
O01302,P001,3,1500
O01303,P010,2,120
O01303,P002,1,1900
O01304,P002,3,1900
O01304,P003,3,2300
O01305,P011,1,250
O01305,P010,3,120
O01306,P002,1,1900
O01307,P001,1,1500
O01308,P011,2,250
O01309,P001,3,1500
O01310,P003,1,2300
O01311,P010,1,120
O01311,P011,1,250
O01311,P002,3,1900
O01312,P003,1,2300
O01312,P010,1,120
O01312,P001,2,1500
O01313,P003,1,2300
O01313,P011,1,250
O01313,P010,1,120
O01314,P011,2,250
O01314,P010,3,120
O01314,P003,1,2300
O01315,P003,3,2300
O01316,P002,1,1900
O01317,P010,1,120
O01317,P002,3,1900
O01318,P010,1,120
O01318,P003,1,2300
O01319,P001,3,1500
O01319,P002,1,1900
O01320,P003,1,2300
O01320,P010,2,120
O01320,P011,1,250
O01321,P001,1,1500
O01321,P011,3,250
O01322,P003,3,2300
O01322,P002,1,1900
O01322,P011,1,250
O01323,P001,2,1500
O01324,P003,3,2300
O01324,P010,2,120
O01324,P002,3,1900
O01325,P010,2,120
O01325,P003,2,2300
O01326,P003,2,2300
O01327,P003,2,2300
O01327,P010,3,120
O01327,P001,3,1500
O01328,P001,1,1500
O01328,P002,3,1900
O01328,P010,1,120
O01329,P010,1,120
O01329,P001,3,1500
O01330,P010,3,120
O01330,P003,1,2300
O01330,P001,1,1500
O01331,P001,3,1500
O01331,P003,3,2300
O01332,P010,3,120
O01332,P002,2,1900
O01332,P011,2,250
O01333,P011,2,250
O01333,P010,2,120
O01334,P001,3,1500
O01335,P003,2,2300
O01335,P001,3,1500
O01335,P002,2,1900
O01336,P001,2,1500
O01336,P011,3,250
O01337,P010,3,120
O01338,P011,2,250
O01339,P011,2,250
O01339,P002,2,1900
O01339,P010,1,120
O01340,P001,1,1500
O01340,P010,1,120
O01341,P011,1,250
O01341,P001,2,1500
O01342,P001,2,1500
O01342,P010,3,120
O01343,P001,2,1500
O01344,P003,2,2300
O01345,P011,3,250
O01345,P002,2,1900
O01345,P001,1,1500
O01346,P002,1,1900
O01346,P010,2,120
O01346,P003,1,2300
O01347,P010,2,120
O01348,P010,2,120
O01349,P001,2,1500
O01349,P003,3,2300
O01350,P002,3,1900
O01350,P010,2,120
O01351,P002,1,1900
O01351,P011,2,250
O01351,P010,3,120
O01352,P003,2,2300
O01353,P003,3,2300
O01354,P010,2,120
O01354,P002,1,1900
O01354,P011,1,250
O01355,P010,3,120
O01355,P003,3,2300
O01355,P011,2,250
O01356,P003,2,2300
O01356,P010,2,120
O01357,P010,3,120
O01357,P001,1,1500
O01358,P001,3,1500
O01358,P002,2,1900
O01359,P011,3,250
O01360,P002,1,1900
O01360,P003,2,2300
O01361,P010,3,120
O01362,P010,3,120
O01363,P001,1,1500
O01363,P011,2,250
O01364,P001,1,1500
O01364,P003,2,2300
O01364,P010,3,120
O01365,P003,1,2300
O01365,P001,3,1500
O01366,P011,1,250
O01366,P001,3,1500
O01366,P003,1,2300
O01367,P010,3,120
O01367,P002,3,1900
O01367,P001,1,1500
O01368,P003,2,2300
O01368,P001,3,1500
O01369,P002,1,1900
O01369,P001,1,1500
O01369,P010,3,120
O01370,P011,1,250
O01371,P002,1,1900
O01372,P001,2,1500
O01372,P010,1,120
O01373,P003,2,2300
O01374,P002,3,1900
O01374,P011,2,250
O01375,P010,1,120
O01375,P001,3,1500
O01375,P002,1,1900
O01376,P002,3,1900
O01377,P002,3,1900
O01377,P011,3,250
O01377,P003,3,2300
O01378,P010,2,120
O01379,P003,3,2300
O01379,P001,2,1500
O01380,P003,2,2300
O01380,P010,3,120
O01381,P010,2,120
O01382,P002,2,1900
O01382,P001,2,1500
O01383,P011,2,250
O01384,P011,2,250
O01385,P011,2,250
O01386,P003,1,2300
O01387,P010,1,120
O01387,P003,1,2300
O01388,P011,2,250
O01388,P002,3,1900
O01389,P010,3,120
O01389,P001,1,1500
O01389,P011,2,250
O01390,P011,3,250
O01390,P003,1,2300
O01390,P002,2,1900
O01391,P003,3,2300
O01391,P010,2,120
O01391,P001,2,1500
O01392,P011,3,250
O01392,P002,3,1900
O01393,P011,3,250
O01393,P003,2,2300
O01393,P001,3,1500
O01394,P003,1,2300
O01394,P010,1,120
O01394,P001,3,1500
O01395,P002,1,1900
O01396,P001,2,1500
O01396,P010,2,120
O01396,P003,1,2300
O01397,P002,3,1900
O01397,P001,2,1500
O01397,P010,2,120
O01398,P001,3,1500
O01399,P001,3,1500
O01399,P011,1,250
O01400,P003,1,2300
O01400,P001,2,1500
O01401,P010,2,120
O01402,P011,3,250
O01403,P002,2,1900
O01404,P010,1,120
O01404,P003,1,2300
O01405,P002,1,1900
O01405,P010,1,120
O01405,P003,3,2300
O01406,P001,1,1500
O01407,P002,1,1900
O01408,P010,2,120
O01408,P001,1,1500
O01409,P011,1,250
O01409,P010,3,120
O01409,P001,2,1500
O01410,P003,3,2300
O01410,P011,1,250
O01410,P010,1,120
O01411,P010,1,120
O01411,P011,3,250
O01412,P002,3,1900
O01413,P001,2,1500
O01413,P011,1,250
O01414,P011,3,250
O01415,P001,2,1500
O01415,P002,2,1900
O01416,P003,1,2300
O01416,P001,2,1500
O01417,P011,3,250
O01418,P011,3,250
O01419,P003,1,2300
O01419,P010,3,120
O01419,P011,3,250
O01420,P011,2,250
O01421,P001,2,1500
O01421,P011,2,250
O01422,P002,1,1900
O01422,P003,1,2300
O01423,P011,3,250
O01424,P001,2,1500
O01424,P002,1,1900
O01425,P011,1,250
O01425,P001,2,1500
O01425,P002,3,1900
O01426,P011,2,250
O01426,P001,1,1500
O01426,P003,2,2300
O01427,P001,2,1500
O01427,P011,3,250
O01427,P010,1,120
O01428,P003,2,2300
O01428,P010,1,120
O01428,P002,1,1900
O01429,P001,1,1500
O01430,P011,3,250
O01430,P010,3,120
O01430,P003,1,2300
O01431,P010,2,120
O01431,P001,3,1500
O01431,P002,1,1900
O01432,P010,1,120
O01432,P002,2,1900
O01433,P011,2,250
O01434,P002,2,1900
O01434,P003,1,2300
O01435,P002,1,1900
O01436,P001,3,1500
O01436,P002,3,1900
O01436,P010,3,120
O01437,P001,3,1500
O01438,P001,1,1500
O01439,P002,2,1900
O01440,P003,1,2300
O01441,P003,2,2300
O01441,P002,1,1900
O01442,P010,1,120
O01442,P011,3,250
O01442,P003,1,2300
O01443,P003,3,2300
O01444,P010,3,120
O01445,P003,3,2300
O01445,P002,2,1900
O01445,P010,2,120
O01446,P003,2,2300
O01446,P002,2,1900
O01446,P011,3,250
O01447,P011,2,250
O01447,P001,2,1500
O01447,P010,3,120
O01448,P010,1,120
O01448,P003,1,2300
O01448,P001,3,1500
O01449,P003,3,2300
O01450,P002,3,1900
O01450,P001,1,1500
O01450,P011,1,250
O01451,P010,3,120
O01452,P001,2,1500
O01452,P011,1,250
O01453,P003,2,2300
O01453,P010,1,120
O01454,P003,3,2300
O01455,P010,2,120
O01455,P001,2,1500
O01456,P001,1,1500
O01456,P002,2,1900
O01457,P010,3,120
O01458,P003,1,2300
O01459,P003,2,2300
O01459,P001,2,1500
O01459,P011,3,250
O01460,P001,2,1500
O01461,P011,3,250
O01461,P010,3,120
O01461,P002,1,1900
O01462,P011,2,250
O01463,P003,3,2300
O01463,P010,3,120
O01463,P002,3,1900
O01464,P003,2,2300
O01464,P002,3,1900
O01464,P010,1,120
O01465,P001,2,1500
O01466,P003,3,2300
O01466,P001,2,1500
O01466,P010,2,120
O01467,P010,2,120
O01467,P001,2,1500
O01467,P003,2,2300
O01468,P003,2,2300
O01468,P001,3,1500
O01468,P010,3,120
O01469,P003,2,2300
O01469,P002,2,1900
O01470,P010,1,120
O01471,P001,2,1500
O01471,P003,3,2300
O01472,P002,3,1900
O01472,P010,1,120
O01472,P001,2,1500
O01473,P011,2,250
O01473,P003,1,2300
O01473,P001,2,1500
O01474,P003,1,2300
O01474,P010,1,120
O01475,P002,3,1900
O01475,P011,1,250
O01475,P003,1,2300
O01476,P001,1,1500
O01477,P011,2,250
O01477,P010,1,120
O01477,P003,3,2300
O01478,P002,2,1900
O01478,P001,2,1500
O01478,P003,1,2300
O01479,P003,1,2300
O01479,P001,2,1500
O01479,P011,1,250
O01480,P011,2,250
O01481,P011,1,250
O01482,P002,2,1900
O01483,P003,3,2300
O01483,P010,2,120
O01483,P001,2,1500
O01484,P001,2,1500
O01485,P003,3,2300
O01485,P011,2,250
O01485,P002,2,1900
O01486,P011,1,250
O01486,P001,2,1500
O01487,P003,1,2300
O01488,P001,1,1500
O01488,P011,2,250
O01488,P003,3,2300
O01489,P011,2,250
O01489,P003,3,2300
O01489,P001,1,1500
O01490,P002,1,1900
O01490,P010,1,120
O01490,P003,1,2300
O01491,P011,3,250
O01491,P010,1,120
O01491,P003,3,2300
O01492,P011,2,250
O01493,P011,2,250
O01493,P010,1,120
O01493,P002,3,1900
O01494,P002,1,1900
O01494,P003,2,2300
O01495,P010,2,120
O01496,P001,3,1500
O01496,P002,2,1900
O01496,P010,2,120
O01497,P003,3,2300
O01498,P001,2,1500
O01498,P003,3,2300
O01498,P010,1,120
O01499,P010,3,120
O01499,P002,1,1900
O01500,P002,3,1900
O01500,P010,3,120
O01500,P003,1,2300
O01501,P003,2,2300
O01501,P011,1,250
O01501,P002,1,1900
O01502,P010,3,120
O01502,P002,2,1900
O01503,P002,1,1900
O01503,P011,1,250
O01503,P010,1,120
O01504,P003,3,2300
O01504,P010,1,120
O01505,P001,2,1500
O01506,P002,1,1900
O01507,P011,3,250
O01508,P010,1,120
O01508,P003,2,2300
O01509,P011,2,250
O01509,P002,1,1900
O01509,P003,2,2300
O01510,P011,3,250
O01510,P001,1,1500
O01511,P003,2,2300
O01512,P010,2,120
O01512,P011,2,250
O01513,P002,3,1900
O01513,P011,3,250
O01513,P003,1,2300
O01514,P001,3,1500
O01515,P003,2,2300
O01515,P010,2,120
O01515,P002,1,1900
O01516,P011,1,250
O01516,P003,2,2300
O01516,P001,2,1500
O01517,P001,2,1500
O01517,P010,2,120
O01518,P003,1,2300
O01518,P002,1,1900
O01519,P002,2,1900
O01519,P010,3,120
O01519,P003,3,2300
O01520,P001,2,1500
O01520,P003,1,2300
O01521,P003,2,2300
O01522,P010,1,120
O01522,P002,2,1900
O01523,P011,1,250
O01523,P001,3,1500
O01524,P002,1,1900
O01524,P001,3,1500
O01525,P002,1,1900
O01525,P001,3,1500
O01525,P003,3,2300
O01526,P001,2,1500
O01527,P003,1,2300
O01528,P011,3,250
O01528,P010,2,120
O01529,P002,1,1900
O01529,P010,3,120
O01529,P011,3,250
O01530,P010,2,120
O01531,P003,1,2300
O01531,P001,2,1500
O01532,P001,3,1500
O01532,P003,1,2300
O01532,P011,3,250
O01533,P003,1,2300
O01534,P003,3,2300
O01534,P011,3,250
O01534,P002,3,1900
O01535,P001,2,1500
O01535,P003,1,2300
O01535,P011,3,250
O01536,P003,3,2300
O01536,P002,3,1900
O01536,P011,1,250
O01537,P001,3,1500
O01537,P002,2,1900
O01537,P011,1,250
O01538,P002,1,1900
O01538,P003,2,2300
O01538,P011,1,250
O01539,P010,1,120
O01539,P003,3,2300
O01539,P001,1,1500
O01540,P002,1,1900
O01540,P001,2,1500
O01540,P011,3,250
O01541,P002,2,1900
O01541,P011,3,250
O01541,P001,2,1500
O01542,P010,2,120
O01542,P002,2,1900
O01542,P003,3,2300
O01543,P002,2,1900
O01543,P003,3,2300
O01543,P001,2,1500
O01544,P010,3,120
O01544,P003,2,2300
O01545,P001,1,1500
O01545,P002,2,1900
O01546,P010,1,120
O01546,P003,3,2300
O01547,P001,2,1500
O01547,P002,2,1900
O01548,P001,2,1500
O01548,P003,3,2300
O01548,P010,1,120
O01549,P010,3,120
O01549,P011,1,250
O01550,P003,2,2300
O01551,P002,3,1900
O01551,P010,2,120
O01551,P001,2,1500
O01552,P003,2,2300
O01552,P010,2,120
O01552,P002,2,1900
O01553,P001,2,1500
O01553,P003,3,2300
O01554,P003,3,2300
O01555,P003,2,2300
O01556,P002,3,1900
O01556,P011,1,250
O01557,P001,3,1500
O01557,P003,3,2300
O01557,P011,1,250
O01558,P001,3,1500
O01558,P010,2,120
O01558,P011,2,250
O01559,P001,1,1500
O01559,P011,2,250
O01559,P003,3,2300
O01560,P002,3,1900
O01561,P002,1,1900
O01561,P003,2,2300
O01562,P010,3,120
O01562,P002,3,1900
O01563,P001,1,1500
O01564,P011,1,250
O01565,P010,1,120
O01565,P011,2,250
O01565,P001,2,1500
O01566,P002,3,1900
O01567,P002,3,1900
O01567,P001,1,1500
O01567,P011,2,250
O01568,P010,2,120
O01568,P002,1,1900
O01568,P003,1,2300
O01569,P011,3,250
O01570,P010,3,120
O01570,P001,3,1500
O01570,P011,3,250
O01571,P001,3,1500
O01572,P010,2,120
O01572,P002,2,1900
O01572,P003,2,2300
O01573,P001,2,1500
O01573,P003,1,2300
O01573,P002,1,1900
O01574,P011,2,250
O01574,P010,2,120
O01575,P001,2,1500
O01575,P002,3,1900
O01576,P010,3,120
O01576,P003,3,2300
O01577,P002,2,1900
O01577,P010,3,120
O01577,P001,2,1500
O01578,P011,2,250
O01578,P001,1,1500
O01579,P001,2,1500
O01579,P010,2,120
O01579,P011,2,250
O01580,P001,1,1500
O01580,P003,3,2300
O01580,P002,1,1900
O01581,P011,1,250
O01582,P010,3,120
O01583,P001,1,1500
O01584,P011,3,250
O01584,P010,3,120
O01585,P002,2,1900
O01585,P001,2,1500
O01585,P011,2,250
O01586,P003,2,2300
O01586,P002,3,1900
O01586,P001,3,1500
O01587,P010,3,120
O01587,P001,1,1500
O01587,P002,3,1900
O01588,P011,2,250
O01588,P010,3,120
O01589,P003,2,2300
O01590,P010,2,120
O01590,P001,3,1500
O01590,P011,1,250
O01591,P002,1,1900
O01591,P001,3,1500
O01592,P001,2,1500
O01592,P002,1,1900
O01592,P011,1,250
O01593,P010,3,120
O01593,P002,3,1900
O01594,P002,2,1900
O01594,P010,1,120
O01595,P001,2,1500
O01595,P010,3,120
O01596,P003,2,2300
O01596,P011,3,250
O01596,P010,3,120
O01597,P002,2,1900
O01598,P002,3,1900
O01598,P003,2,2300
O01598,P010,2,120
O01599,P002,3,1900
O01599,P003,3,2300
O01600,P002,3,1900
O01601,P010,2,120
O01601,P001,1,1500
O01601,P002,1,1900
O01602,P001,2,1500
O01602,P011,3,250
O01603,P002,3,1900
O01604,P011,2,250
O01605,P001,3,1500
O01605,P011,2,250
O01606,P002,3,1900
O01606,P001,3,1500
O01606,P011,1,250
O01607,P001,2,1500
O01607,P002,2,1900
O01608,P011,2,250
O01608,P003,3,2300
O01609,P003,1,2300
O01609,P002,3,1900
O01610,P001,3,1500
O01611,P003,1,2300
O01612,P011,1,250
O01612,P001,3,1500
O01613,P010,3,120
O01613,P003,3,2300
O01613,P011,2,250
O01614,P011,1,250
O01614,P010,1,120
O01614,P001,1,1500
O01615,P001,3,1500
O01616,P002,1,1900
O01617,P001,1,1500
O01617,P003,1,2300
O01618,P011,2,250
O01619,P010,2,120
O01619,P003,3,2300
O01620,P002,3,1900
O01621,P010,3,120
O01621,P011,2,250
O01622,P003,3,2300
O01622,P011,1,250
O01623,P002,2,1900
O01623,P011,3,250
O01623,P003,1,2300
O01624,P011,2,250
O01624,P010,3,120
O01625,P001,3,1500
O01625,P010,2,120
O01626,P001,2,1500
O01627,P003,1,2300
O01627,P010,3,120
O01628,P002,1,1900
O01628,P010,3,120
O01628,P011,1,250
O01629,P010,2,120
O01630,P002,2,1900
O01630,P001,2,1500
O01630,P003,1,2300
O01631,P003,3,2300
O01631,P001,2,1500
O01632,P003,3,2300
O01633,P010,3,120
O01633,P001,3,1500
O01634,P003,3,2300
O01634,P001,1,1500
O01635,P010,1,120
O01635,P011,2,250
O01635,P002,3,1900
O01636,P011,2,250
O01636,P001,1,1500
O01636,P010,3,120
O01637,P002,1,1900
O01637,P011,2,250
O01637,P001,1,1500
O01638,P010,3,120
O01639,P001,3,1500
O01639,P003,2,2300
O01639,P011,1,250
O01640,P011,3,250
O01640,P001,2,1500
O01640,P002,3,1900
O01641,P011,3,250
O01642,P011,3,250
O01642,P001,2,1500
O01643,P001,1,1500
O01643,P011,3,250
O01644,P003,1,2300
O01645,P010,1,120
O01646,P011,3,250
O01646,P002,3,1900
O01647,P002,2,1900
O01647,P001,2,1500
O01648,P003,2,2300
O01648,P001,3,1500
O01648,P002,3,1900
O01649,P011,2,250
O01650,P001,1,1500
O01651,P001,1,1500
O01652,P011,1,250
O01652,P001,1,1500
O01653,P003,2,2300
O01654,P002,2,1900
O01655,P002,1,1900
O01655,P011,2,250
O01655,P010,3,120
O01656,P002,1,1900
O01656,P003,3,2300
O01657,P010,1,120
O01657,P002,2,1900
O01658,P002,2,1900
O01659,P010,1,120
O01659,P003,2,2300
O01660,P011,2,250
O01660,P003,3,2300
O01661,P010,3,120
O01661,P002,2,1900
O01661,P001,1,1500
O01662,P011,2,250
O01662,P002,2,1900
O01662,P003,3,2300
O01663,P003,3,2300
O01663,P002,3,1900
O01663,P010,3,120
O01664,P003,1,2300
O01664,P001,2,1500
O01664,P011,1,250
O01665,P003,1,2300
O01665,P001,3,1500
O01666,P002,2,1900
O01666,P010,3,120
O01666,P001,2,1500
O01667,P011,3,250
O01667,P010,3,120
O01668,P003,3,2300
O01669,P003,1,2300
O01670,P010,2,120
O01671,P003,1,2300
O01671,P001,2,1500
O01672,P002,3,1900
O01672,P010,1,120
O01673,P010,3,120
O01674,P011,3,250
O01674,P010,2,120
O01675,P002,3,1900
O01675,P003,2,2300
O01676,P003,2,2300
O01676,P010,2,120
O01676,P011,1,250
O01677,P011,1,250
O01678,P010,3,120
O01678,P003,2,2300
O01679,P001,1,1500
O01679,P002,2,1900
O01679,P003,3,2300
O01680,P011,1,250
O01680,P002,1,1900
O01680,P003,3,2300
O01681,P001,2,1500
O01681,P011,1,250
O01682,P010,1,120
O01682,P011,2,250
O01683,P002,1,1900
O01684,P003,2,2300
O01685,P002,1,1900
O01686,P010,1,120
O01687,P002,3,1900
O01687,P011,2,250
O01687,P003,1,2300
O01688,P002,1,1900
O01688,P003,2,2300
O01689,P010,3,120
O01689,P002,2,1900
O01689,P011,2,250
O01690,P002,1,1900
O01690,P001,2,1500
O01690,P011,1,250
O01691,P003,3,2300
O01691,P011,3,250
O01692,P011,3,250
O01692,P010,1,120
O01693,P010,1,120
O01693,P001,3,1500
O01694,P002,2,1900
O01695,P003,3,2300
O01695,P001,3,1500
O01696,P001,1,1500
O01696,P002,2,1900
O01697,P001,1,1500
O01698,P010,2,120
O01698,P001,2,1500
O01699,P002,2,1900
O01699,P010,2,120
O01699,P001,2,1500
O01700,P010,2,120
O01700,P001,1,1500
O01700,P002,1,1900
O01701,P011,2,250
O01701,P001,1,1500
O01702,P001,1,1500
O01702,P010,1,120
O01703,P002,3,1900
O01703,P010,2,120
O01704,P010,3,120
O01705,P010,2,120
O01705,P011,2,250
O01705,P001,2,1500
O01706,P001,2,1500
O01706,P010,2,120
O01706,P003,3,2300
O01707,P011,1,250
O01707,P003,1,2300
O01708,P011,3,250
O01708,P010,1,120
O01709,P001,2,1500
O01710,P011,3,250
O01710,P003,3,2300
O01710,P001,3,1500
O01711,P010,2,120
O01711,P001,2,1500
O01712,P001,2,1500
O01713,P003,3,2300
O01713,P001,3,1500
O01714,P003,2,2300
O01714,P010,3,120
O01715,P001,1,1500
O01715,P003,2,2300
O01716,P010,2,120
O01716,P001,2,1500
O01717,P001,2,1500
O01717,P011,3,250
O01718,P011,3,250
O01719,P002,1,1900
O01719,P011,3,250
O01720,P002,3,1900
O01721,P010,2,120
O01722,P003,3,2300
O01722,P010,3,120
O01723,P011,3,250
O01724,P001,2,1500
O01724,P011,2,250
O01725,P002,3,1900
O01726,P001,3,1500
O01726,P010,1,120
O01726,P003,2,2300
O01727,P003,1,2300
O01727,P010,1,120
O01727,P002,3,1900
O01728,P001,1,1500
O01728,P010,1,120
O01729,P003,3,2300
O01729,P011,3,250
O01729,P010,1,120
O01730,P001,2,1500
O01730,P003,1,2300
O01730,P010,2,120
O01731,P002,3,1900
O01731,P003,3,2300
O01732,P011,2,250
O01733,P003,2,2300
O01734,P010,1,120
O01735,P010,3,120
O01736,P003,2,2300
O01737,P011,1,250
O01737,P003,1,2300
O01738,P001,3,1500
O01739,P002,3,1900
O01739,P001,2,1500
O01740,P011,2,250
O01740,P010,3,120
O01740,P003,3,2300
O01741,P011,2,250
O01741,P010,3,120
O01742,P003,2,2300
O01743,P003,1,2300
O01743,P010,2,120
O01744,P010,3,120
O01744,P002,1,1900
O01744,P003,3,2300
O01745,P003,1,2300
O01745,P010,3,120
O01746,P001,2,1500
O01746,P010,1,120
O01746,P003,1,2300
O01747,P011,2,250
O01747,P003,2,2300
O01747,P002,2,1900
O01748,P010,3,120
O01748,P001,3,1500
O01748,P011,1,250
O01749,P003,1,2300
O01749,P010,2,120
O01749,P002,3,1900
O01750,P010,3,120
O01750,P002,1,1900
O01750,P011,2,250
O01751,P001,1,1500
O01751,P011,1,250
O01751,P002,1,1900
O01752,P003,3,2300
O01752,P002,2,1900
O01752,P001,3,1500
O01753,P003,2,2300
O01753,P002,3,1900
O01754,P003,3,2300
O01754,P011,1,250
O01755,P003,2,2300
O01755,P010,2,120
O01755,P001,2,1500
O01756,P010,1,120
O01756,P002,2,1900
O01757,P001,2,1500
O01757,P003,3,2300
O01758,P001,2,1500
O01759,P010,1,120
O01759,P011,3,250
O01759,P002,1,1900
O01760,P002,3,1900
O01760,P011,3,250
O01760,P003,1,2300
O01761,P011,2,250
O01761,P010,3,120
O01761,P001,1,1500
O01762,P011,3,250
O01763,P001,1,1500
O01763,P003,3,2300
O01764,P010,2,120
O01764,P002,2,1900
O01764,P001,3,1500
O01765,P002,2,1900
O01766,P002,2,1900
O01766,P003,1,2300
O01766,P001,1,1500
O01767,P011,2,250
O01768,P002,1,1900
O01768,P010,1,120
O01769,P011,3,250
O01769,P001,2,1500
O01770,P002,2,1900
O01771,P001,1,1500
O01771,P011,3,250
O01771,P003,3,2300
O01772,P011,2,250
O01772,P010,1,120
O01773,P003,3,2300
O01773,P001,3,1500
O01774,P011,2,250
O01774,P001,3,1500
O01774,P002,1,1900
O01775,P010,2,120
O01775,P001,2,1500
O01776,P011,1,250
O01776,P010,1,120
O01776,P002,1,1900
O01777,P011,3,250
O01777,P001,1,1500
O01778,P010,1,120
O01778,P003,1,2300
O01779,P002,1,1900
O01779,P003,2,2300
O01780,P001,2,1500
O01780,P010,1,120
O01780,P003,2,2300
O01781,P003,2,2300
O01781,P010,2,120
O01782,P003,1,2300
O01782,P011,1,250
O01782,P010,1,120
O01783,P003,2,2300
O01783,P001,3,1500
O01783,P010,2,120
O01784,P003,1,2300
O01784,P011,3,250
O01784,P010,3,120
O01785,P010,3,120
O01785,P011,2,250
O01786,P002,1,1900
O01787,P003,3,2300
O01787,P010,1,120
O01787,P002,1,1900
O01788,P011,2,250
O01789,P011,1,250
O01790,P003,2,2300
O01790,P010,3,120
O01791,P003,3,2300
O01792,P011,3,250
O01793,P011,2,250
O01793,P003,2,2300
O01794,P002,2,1900
O01794,P010,2,120
O01794,P001,1,1500
O01795,P001,2,1500
O01795,P003,1,2300
O01795,P011,1,250
O01796,P003,3,2300
O01797,P001,2,1500
O01797,P002,2,1900
O01797,P010,3,120
O01798,P001,1,1500
O01798,P002,2,1900
O01798,P003,3,2300
O01799,P010,3,120
O01800,P003,3,2300
O01801,P003,3,2300
O01802,P011,2,250
O01802,P001,3,1500
O01802,P010,3,120
O01803,P002,2,1900
O01804,P002,3,1900
O01804,P011,3,250
O01804,P001,2,1500
O01805,P001,3,1500
O01806,P011,1,250
O01806,P003,3,2300
O01807,P001,1,1500
O01808,P003,1,2300
O01808,P001,1,1500
O01808,P010,3,120
O01809,P010,3,120
O01809,P011,1,250
O01809,P001,2,1500
O01810,P001,1,1500
O01810,P002,2,1900
O01810,P010,1,120
O01811,P002,3,1900
O01811,P001,3,1500
O01812,P011,2,250
O01813,P011,3,250
O01813,P001,2,1500
O01814,P010,3,120
O01815,P011,3,250
O01816,P010,2,120
O01816,P001,3,1500
O01816,P002,2,1900
O01817,P002,3,1900
O01817,P003,2,2300
O01818,P003,3,2300
O01818,P011,1,250
O01818,P002,2,1900
O01819,P011,3,250
O01819,P003,2,2300
O01820,P002,2,1900
O01821,P003,3,2300
O01822,P010,1,120
O01822,P002,1,1900
O01823,P003,2,2300
O01823,P001,2,1500
O01824,P011,1,250
O01824,P002,1,1900
O01824,P001,1,1500
O01825,P011,2,250
O01825,P003,3,2300
O01826,P001,3,1500
O01826,P003,1,2300
O01827,P002,1,1900
O01827,P003,2,2300
O01827,P001,1,1500
O01828,P011,3,250
O01829,P003,3,2300
O01830,P011,3,250
O01830,P010,2,120
O01831,P003,2,2300
O01832,P003,2,2300
O01832,P002,2,1900
O01833,P003,2,2300
O01833,P011,2,250
O01833,P002,3,1900
O01834,P010,2,120
O01834,P001,1,1500
O01835,P003,2,2300
O01835,P002,2,1900
O01836,P002,1,1900
O01837,P003,1,2300
O01837,P011,2,250
O01837,P002,2,1900
O01838,P003,1,2300
O01838,P002,3,1900
O01839,P010,1,120
O01839,P003,1,2300
O01839,P001,1,1500
O01840,P010,1,120
O01840,P011,3,250
O01841,P010,2,120
O01841,P002,3,1900
O01842,P010,1,120
O01842,P001,3,1500
O01842,P011,2,250
O01843,P011,2,250
O01843,P003,2,2300
O01844,P010,1,120
O01845,P001,2,1500
O01845,P003,1,2300
O01845,P010,1,120
O01846,P003,1,2300
O01846,P002,2,1900
O01846,P011,1,250
O01847,P011,3,250
O01847,P003,3,2300
O01848,P001,1,1500
O01848,P002,3,1900
O01849,P003,3,2300
O01849,P011,1,250
O01849,P002,1,1900
O01850,P010,2,120
O01850,P002,2,1900
O01851,P002,2,1900
O01851,P003,3,2300
O01852,P001,3,1500
O01852,P002,2,1900
O01852,P011,2,250
O01853,P010,3,120
O01853,P001,1,1500
O01854,P003,2,2300
O01854,P001,1,1500
O01854,P011,3,250
O01855,P011,2,250
O01855,P010,3,120
O01856,P001,3,1500
O01856,P011,1,250
O01857,P001,1,1500
O01857,P002,3,1900
O01857,P003,2,2300
O01858,P002,2,1900
O01858,P001,2,1500
O01858,P003,2,2300
O01859,P002,1,1900
O01859,P003,1,2300
O01860,P011,3,250
O01860,P003,3,2300
O01860,P002,3,1900
O01861,P001,3,1500
O01861,P010,2,120
O01862,P011,2,250
O01863,P001,1,1500
O01864,P010,2,120
O01864,P002,1,1900
O01865,P003,3,2300
O01865,P010,1,120
O01865,P011,3,250
O01866,P011,1,250
O01866,P002,1,1900
O01867,P003,1,2300
O01868,P001,3,1500
O01869,P001,2,1500
O01869,P002,1,1900
O01869,P003,2,2300
O01870,P002,1,1900
O01870,P011,2,250
O01871,P010,2,120
O01872,P002,2,1900
O01873,P002,2,1900
O01874,P010,1,120
O01875,P002,1,1900
O01875,P010,2,120
O01876,P010,1,120
O01876,P002,2,1900
O01877,P001,3,1500
O01877,P011,3,250
O01877,P010,3,120
O01878,P001,1,1500
O01878,P002,2,1900
O01878,P011,3,250
O01879,P003,1,2300
O01879,P011,1,250
O01879,P002,1,1900
O01880,P003,3,2300
O01880,P010,1,120
O01880,P002,2,1900
O01881,P001,2,1500
O01882,P010,2,120
O01882,P001,2,1500
O01883,P001,3,1500
O01883,P010,2,120
O01884,P001,3,1500
O01885,P010,2,120
O01885,P011,3,250
O01885,P001,3,1500
O01886,P001,1,1500
O01886,P002,1,1900
O01887,P001,1,1500
O01887,P002,1,1900
O01887,P003,3,2300
O01888,P001,3,1500
O01888,P011,1,250
O01889,P003,2,2300
O01889,P011,1,250
O01889,P010,2,120
O01890,P002,3,1900
O01891,P002,2,1900
O01892,P002,1,1900
O01893,P002,2,1900
O01893,P003,3,2300
O01894,P003,1,2300
O01894,P011,1,250
O01895,P001,1,1500
O01895,P010,3,120
O01896,P010,1,120
O01897,P010,1,120
O01897,P002,1,1900
O01897,P001,2,1500
O01898,P001,2,1500
O01899,P001,2,1500
O01900,P010,1,120
O01900,P011,3,250
O01901,P001,2,1500
O01901,P003,2,2300
O01901,P002,1,1900
O01902,P011,3,250
O01902,P003,3,2300
O01903,P001,3,1500
O01903,P010,3,120
O01903,P002,1,1900
O01904,P002,3,1900
O01905,P002,1,1900
O01906,P001,2,1500
O01906,P011,2,250
O01906,P003,3,2300
O01907,P002,1,1900
O01908,P002,2,1900
O01908,P003,3,2300
O01909,P011,1,250
O01909,P003,2,2300
O01910,P003,3,2300
O01910,P002,3,1900
O01911,P010,3,120
O01912,P002,1,1900
O01913,P002,3,1900
O01914,P002,1,1900
O01915,P003,3,2300
O01915,P001,2,1500
O01916,P003,3,2300
O01916,P002,3,1900
O01917,P010,2,120
O01917,P002,3,1900
O01918,P011,1,250
O01918,P010,3,120
O01919,P011,2,250
O01919,P003,1,2300
O01920,P003,3,2300
O01920,P010,2,120
O01921,P001,2,1500
O01921,P003,1,2300
O01921,P010,2,120
O01922,P001,1,1500
O01922,P002,1,1900
O01923,P001,3,1500
O01923,P011,3,250
O01924,P002,2,1900
O01924,P003,2,2300
O01925,P011,3,250
O01925,P001,1,1500
O01926,P011,1,250
O01926,P002,3,1900
O01927,P001,1,1500
O01928,P003,3,2300
O01928,P002,3,1900
O01928,P011,1,250
O01929,P003,3,2300
O01929,P002,1,1900
O01929,P011,2,250
O01930,P001,3,1500
O01931,P011,1,250
O01932,P002,2,1900
O01932,P010,1,120
O01932,P001,2,1500
O01933,P010,2,120
O01933,P011,2,250
O01934,P002,1,1900
O01934,P003,1,2300
O01935,P011,1,250
O01935,P003,3,2300
O01936,P011,2,250
O01936,P001,1,1500
O01936,P010,1,120
O01937,P002,2,1900
O01937,P011,1,250
O01938,P010,1,120
O01938,P011,1,250
O01938,P003,2,2300
O01939,P002,2,1900
O01940,P010,1,120
O01941,P011,2,250
O01941,P002,1,1900
O01941,P001,3,1500
O01942,P003,3,2300
O01942,P001,1,1500
O01943,P003,3,2300
O01943,P001,2,1500
O01943,P011,1,250
O01944,P010,3,120
O01944,P003,3,2300
O01944,P001,3,1500
O01945,P002,3,1900
O01945,P001,2,1500
O01946,P001,2,1500
O01946,P010,1,120
O01947,P010,1,120
O01947,P011,3,250
O01947,P003,3,2300
O01948,P003,3,2300
O01948,P002,1,1900
O01949,P011,3,250
O01950,P002,3,1900
O01950,P010,2,120
O01951,P001,2,1500
O01951,P011,3,250
O01952,P003,3,2300
O01952,P011,2,250
O01952,P010,2,120
O01953,P003,1,2300
O01953,P011,1,250
O01953,P001,3,1500
O01954,P002,1,1900
O01954,P010,3,120
O01955,P003,3,2300
O01955,P001,2,1500
O01956,P011,3,250
O01956,P010,3,120
O01956,P003,2,2300
O01957,P011,1,250
O01958,P001,1,1500
O01958,P011,2,250
O01958,P010,3,120
O01959,P011,3,250
O01959,P010,3,120
O01959,P002,1,1900
O01960,P010,3,120
O01960,P011,3,250
O01961,P010,3,120
O01962,P010,3,120
O01962,P001,1,1500
O01962,P011,1,250
O01963,P003,2,2300
O01963,P001,1,1500
O01963,P002,3,1900
O01964,P003,3,2300
O01964,P011,2,250
O01965,P002,2,1900
O01965,P003,1,2300
O01966,P010,1,120
O01966,P003,1,2300
O01967,P011,2,250
O01967,P003,2,2300
O01967,P010,1,120
O01968,P001,2,1500
O01968,P003,3,2300
O01969,P002,1,1900
O01969,P003,3,2300
O01969,P011,1,250
O01970,P010,2,120
O01970,P003,3,2300
O01970,P011,1,250
O01971,P002,3,1900
O01971,P003,2,2300
O01972,P003,2,2300
O01972,P010,1,120
O01973,P003,1,2300
O01974,P002,3,1900
O01975,P011,3,250
O01975,P003,3,2300
O01976,P010,3,120
O01977,P001,1,1500
O01977,P002,3,1900
O01977,P011,3,250
O01978,P010,3,120
O01978,P003,2,2300
O01978,P001,3,1500
O01979,P010,2,120
O01979,P002,1,1900
O01980,P003,1,2300
O01980,P001,2,1500
O01980,P002,1,1900
O01981,P011,1,250
O01982,P003,1,2300
O01982,P001,3,1500
O01982,P002,1,1900
O01983,P002,2,1900
O01984,P002,2,1900
O01984,P011,1,250
O01984,P001,1,1500
O01985,P010,3,120
O01985,P011,3,250
O01985,P002,3,1900
O01986,P010,1,120
O01987,P011,3,250
O01987,P010,2,120
O01987,P003,3,2300
O01988,P003,2,2300
O01988,P011,2,250
O01989,P002,3,1900
O01989,P003,2,2300
O01990,P002,2,1900
O01991,P002,3,1900
O01991,P011,3,250
O01991,P001,2,1500
O01992,P003,1,2300
O01992,P001,3,1500
O01992,P011,2,250
O01993,P011,2,250
O01993,P002,3,1900
O01993,P010,1,120
O01994,P011,2,250
O01994,P010,3,120
O01995,P001,1,1500
O01995,P002,3,1900
O01996,P011,2,250
O01996,P001,2,1500
O01997,P002,2,1900
O01997,P001,1,1500
O01997,P003,3,2300
O01998,P011,3,250
O01998,P003,1,2300
O01999,P011,3,250
O01999,P010,1,120
O01999,P002,2,1900
O02000,P010,2,120
O02001,P003,3,2300
O02001,P011,3,250
O02001,P001,2,1500
O02002,P011,3,250
O02003,P003,1,2300
O02003,P001,3,1500
O02003,P011,2,250
O02004,P001,1,1500
O02004,P011,3,250
O02004,P003,2,2300
O02005,P002,3,1900
O02005,P011,1,250
O02005,P001,1,1500
O02006,P010,3,120
O02007,P003,1,2300
O02008,P010,3,120
O02009,P010,3,120
O02009,P011,2,250
O02009,P002,1,1900
O02010,P002,2,1900
O02010,P001,2,1500
O02011,P010,2,120
O02012,P001,2,1500
O02012,P002,2,1900
O02013,P002,2,1900
O02014,P001,1,1500
O02014,P003,3,2300
O02014,P002,2,1900
O02015,P011,1,250
O02016,P001,1,1500
O02016,P003,1,2300
O02016,P011,3,250
O02017,P001,2,1500
O02018,P003,3,2300
O02018,P001,3,1500
O02019,P001,1,1500
O02019,P002,3,1900
O02020,P010,1,120
O02020,P002,2,1900
O02020,P003,1,2300
O02021,P002,1,1900
O02021,P003,2,2300
O02021,P010,3,120
O02022,P011,1,250
O02023,P001,3,1500
O02023,P011,1,250
O02024,P003,2,2300
O02024,P001,3,1500
O02025,P011,3,250
O02026,P001,2,1500
O02027,P011,1,250
O02028,P003,3,2300
O02028,P010,2,120
O02028,P011,2,250
O02029,P011,1,250
O02030,P002,1,1900
O02030,P003,1,2300
O02031,P002,1,1900
O02031,P010,2,120
O02032,P010,3,120
O02033,P011,1,250
O02033,P001,3,1500
O02033,P003,3,2300
O02034,P011,3,250
O02034,P010,3,120
O02035,P003,2,2300
O02036,P010,1,120
O02037,P010,2,120
O02037,P011,2,250
O02038,P010,1,120
O02039,P001,3,1500
O02039,P003,2,2300
O02040,P010,2,120
O02040,P003,3,2300
O02040,P002,3,1900
O02041,P011,1,250
O02042,P001,2,1500
O02043,P011,2,250
O02043,P002,3,1900
O02043,P003,1,2300
O02044,P001,2,1500
O02044,P011,1,250
O02044,P002,2,1900
O02045,P001,3,1500
O02045,P010,3,120
O02045,P003,1,2300
O02046,P003,1,2300
O02046,P001,2,1500
O02046,P010,1,120
O02047,P003,1,2300
O02048,P002,3,1900
O02048,P010,3,120
O02048,P001,3,1500
O02049,P001,2,1500
O02050,P001,2,1500
O02051,P002,3,1900
O02052,P002,1,1900
O02052,P010,2,120
O02053,P001,1,1500
O02053,P002,3,1900
O02054,P011,3,250
O02055,P010,1,120
O02055,P003,3,2300
O02056,P003,1,2300
O02056,P010,2,120
O02056,P011,2,250
O02057,P003,2,2300
O02057,P002,2,1900
O02058,P001,3,1500
O02058,P010,2,120
O02058,P011,1,250
O02059,P002,1,1900
O02059,P001,1,1500
O02059,P003,1,2300
O02060,P001,3,1500
O02060,P002,2,1900
O02061,P003,3,2300
O02062,P010,2,120
O02062,P003,2,2300
O02062,P011,3,250
O02063,P001,2,1500
O02063,P011,1,250
O02064,P011,2,250
O02065,P002,3,1900
O02066,P010,2,120
O02067,P001,1,1500
O02068,P010,1,120
O02069,P001,1,1500
O02070,P011,2,250
O02070,P003,3,2300
O02071,P010,3,120
O02072,P011,1,250
O02073,P003,1,2300
O02074,P001,2,1500
O02074,P002,1,1900
O02074,P010,2,120
O02075,P002,2,1900
O02075,P001,2,1500
O02076,P003,3,2300
O02077,P002,1,1900
O02078,P002,3,1900
O02078,P003,2,2300
O02078,P010,1,120
O02079,P001,3,1500
O02079,P002,3,1900
O02080,P011,1,250
O02080,P002,3,1900
O02081,P001,3,1500
O02081,P011,1,250
O02082,P011,3,250
O02082,P001,3,1500
O02083,P003,2,2300
O02084,P002,1,1900
O02085,P002,1,1900
O02085,P001,3,1500
O02085,P011,1,250
O02086,P011,1,250
O02086,P001,3,1500
O02087,P011,3,250
O02088,P001,3,1500
O02089,P011,2,250
O02089,P010,3,120
O02090,P010,1,120
O02090,P011,3,250
O02090,P003,2,2300
O02091,P003,2,2300
O02091,P011,2,250
O02091,P010,1,120
O02092,P011,1,250
O02092,P003,1,2300
O02093,P002,2,1900
O02093,P010,1,120
O02094,P001,2,1500
O02094,P010,1,120
O02095,P010,2,120
O02096,P011,1,250
O02096,P002,3,1900
O02096,P010,2,120
O02097,P010,2,120
O02098,P010,2,120
O02098,P011,2,250
O02099,P003,2,2300
O02099,P011,3,250
O02100,P002,1,1900
O02100,P011,1,250
O02101,P002,3,1900
O02101,P011,3,250
O02101,P003,2,2300
O02102,P011,2,250
O02102,P010,3,120
O02103,P002,1,1900
O02103,P010,2,120
O02104,P011,3,250
O02105,P003,1,2300
O02105,P010,1,120
O02106,P003,3,2300
O02107,P010,3,120
O02108,P002,1,1900
O02108,P010,3,120
O02109,P010,3,120
O02110,P002,3,1900
O02110,P003,3,2300
O02110,P010,1,120
O02111,P010,2,120
O02111,P002,2,1900
O02111,P001,2,1500
O02112,P002,2,1900
O02113,P011,3,250
O02113,P001,1,1500
O02114,P001,1,1500
O02115,P001,2,1500
O02116,P003,2,2300
O02117,P002,1,1900
O02118,P001,3,1500
O02118,P003,2,2300
O02119,P010,3,120
O02119,P011,1,250
O02119,P002,2,1900
O02120,P001,1,1500
O02120,P002,1,1900
O02121,P001,1,1500
O02121,P010,3,120
O02122,P010,1,120
O02122,P003,1,2300
O02122,P011,3,250
O02123,P010,1,120
O02124,P002,2,1900
O02125,P010,1,120
O02125,P011,1,250
O02126,P003,3,2300
O02126,P010,1,120
O02126,P011,2,250
O02127,P010,3,120
O02128,P003,2,2300
O02128,P011,1,250
O02128,P001,1,1500
O02129,P011,2,250
O02130,P010,3,120
O02130,P002,1,1900
O02130,P001,3,1500
O02131,P003,2,2300
O02131,P001,3,1500
O02132,P001,1,1500
O02132,P010,2,120
O02133,P002,3,1900
O02133,P003,1,2300
O02134,P003,1,2300
O02134,P002,3,1900
O02135,P003,2,2300
O02136,P010,1,120
O02136,P003,2,2300
O02137,P010,3,120
O02137,P001,1,1500
O02137,P002,1,1900
O02138,P001,2,1500
O02138,P011,1,250
O02138,P002,2,1900
O02139,P010,3,120
O02139,P001,3,1500
O02140,P010,2,120
O02140,P003,3,2300
O02141,P010,1,120
O02141,P003,2,2300
O02142,P003,2,2300
O02142,P002,2,1900
O02142,P010,1,120
O02143,P001,3,1500
O02143,P003,1,2300
O02144,P002,1,1900
O02145,P001,1,1500
O02146,P001,3,1500
O02146,P002,1,1900
O02147,P001,1,1500
O02148,P001,1,1500
O02148,P003,1,2300
O02148,P010,3,120
O02149,P010,1,120
O02149,P003,3,2300
O02149,P011,1,250
O02150,P002,1,1900
O02151,P001,3,1500
O02151,P002,1,1900
O02151,P011,1,250
O02152,P002,1,1900
O02152,P011,3,250
O02153,P010,2,120
O02154,P011,1,250
O02154,P002,3,1900
O02154,P010,2,120
O02155,P002,3,1900
O02155,P010,3,120
O02155,P011,3,250
O02156,P010,1,120
O02157,P001,1,1500
O02157,P011,2,250
O02157,P010,1,120
O02158,P011,1,250
O02158,P002,3,1900
O02158,P003,1,2300
O02159,P002,2,1900
O02160,P002,2,1900
O02161,P011,2,250
O02161,P003,3,2300
O02161,P010,3,120
O02162,P002,2,1900
O02162,P010,2,120
O02163,P002,3,1900
O02163,P001,2,1500
O02163,P003,2,2300
O02164,P001,1,1500
O02165,P010,2,120
O02166,P001,3,1500
O02166,P010,3,120
O02166,P011,2,250
O02167,P001,2,1500
O02168,P003,2,2300
O02168,P001,3,1500
O02168,P011,2,250
O02169,P003,2,2300
O02169,P010,2,120
O02170,P010,3,120
O02170,P003,3,2300
O02171,P002,3,1900
O02172,P001,3,1500
O02173,P010,2,120
O02173,P011,2,250
O02174,P010,2,120
O02174,P011,1,250
O02175,P010,2,120
O02176,P002,2,1900
O02177,P002,2,1900
O02177,P010,1,120
O02178,P002,3,1900
O02178,P011,1,250
O02179,P001,1,1500
O02180,P010,2,120
O02180,P002,2,1900
O02181,P001,2,1500
O02182,P002,3,1900
O02182,P003,2,2300
O02183,P002,2,1900
O02184,P010,1,120
O02184,P011,2,250
O02184,P002,3,1900
O02185,P003,1,2300
O02186,P003,3,2300
O02187,P011,1,250
O02187,P003,1,2300
O02188,P010,2,120
O02188,P002,1,1900
O02188,P011,2,250
O02189,P002,2,1900
O02189,P003,3,2300
O02189,P010,3,120
O02190,P011,3,250
O02190,P001,1,1500
O02191,P003,2,2300
O02191,P011,3,250
O02191,P010,1,120
O02192,P011,1,250
O02192,P010,1,120
O02193,P003,1,2300
O02193,P010,1,120
O02194,P002,3,1900
O02194,P003,2,2300
O02195,P011,3,250
O02195,P003,2,2300
O02196,P002,3,1900
O02196,P011,3,250
O02196,P010,1,120
O02197,P011,2,250
O02197,P002,3,1900
O02197,P001,2,1500
O02198,P003,3,2300
O02199,P010,1,120
O02200,P003,2,2300
O02200,P001,2,1500
O02200,P011,3,250
O02201,P003,2,2300
O02201,P001,1,1500
O02201,P002,2,1900
O02202,P002,2,1900
O02202,P003,1,2300
O02202,P001,1,1500
O02203,P001,3,1500
O02203,P003,2,2300
O02203,P002,3,1900
O02204,P003,2,2300
O02205,P003,3,2300
O02205,P002,1,1900
O02206,P011,3,250
O02206,P001,1,1500
O02206,P002,3,1900
O02207,P011,3,250
O02208,P002,2,1900
O02208,P010,3,120
O02209,P003,2,2300
O02210,P002,2,1900
O02211,P001,3,1500
O02212,P010,2,120
O02212,P001,1,1500
O02212,P002,2,1900
O02213,P010,2,120
O02213,P002,2,1900
O02213,P003,1,2300
O02214,P010,1,120
O02214,P003,3,2300
O02215,P010,3,120
O02215,P003,1,2300
O02215,P001,2,1500
O02216,P001,1,1500
O02217,P011,2,250
O02217,P010,1,120
O02218,P010,3,120
O02218,P001,2,1500
O02219,P003,2,2300
O02219,P010,3,120
O02219,P001,1,1500
O02220,P003,3,2300
O02220,P011,1,250
O02220,P010,3,120
O02221,P002,2,1900
O02222,P001,1,1500
O02223,P001,3,1500
O02224,P002,1,1900
O02225,P003,1,2300
O02225,P011,2,250
O02226,P001,2,1500
O02226,P010,3,120
O02227,P011,2,250
O02228,P010,1,120
O02228,P002,1,1900
O02228,P003,2,2300
O02229,P001,2,1500
O02230,P002,1,1900
O02231,P011,3,250
O02231,P001,3,1500
O02231,P010,1,120
O02232,P001,1,1500
O02232,P011,1,250
O02233,P002,3,1900
O02234,P003,3,2300
O02234,P010,3,120
O02235,P001,2,1500
O02235,P003,1,2300
O02236,P010,1,120
O02236,P001,3,1500
O02236,P011,1,250
O02237,P002,3,1900
O02238,P001,3,1500
O02238,P003,1,2300
O02239,P003,1,2300
O02239,P002,1,1900
O02239,P010,3,120
O02240,P011,2,250
O02241,P011,3,250
O02241,P003,2,2300
O02242,P002,3,1900
O02243,P003,2,2300
O02243,P002,2,1900
O02244,P001,2,1500
O02244,P003,1,2300
O02245,P011,1,250
O02245,P010,1,120
O02246,P001,2,1500
O02247,P002,1,1900
O02248,P003,2,2300
O02248,P002,2,1900
O02248,P011,2,250
O02249,P002,3,1900
O02250,P002,2,1900
O02250,P001,1,1500
O02251,P002,2,1900
O02252,P010,3,120
O02253,P003,2,2300
O02253,P010,3,120
O02254,P010,2,120
O02255,P011,1,250
O02255,P003,1,2300
O02255,P010,3,120
O02256,P001,1,1500
O02257,P001,1,1500
O02257,P011,2,250
O02257,P002,2,1900
O02258,P011,1,250
O02258,P002,1,1900
O02259,P002,2,1900
O02259,P011,3,250
O02260,P001,2,1500
O02260,P003,3,2300
O02261,P003,1,2300
O02262,P003,1,2300
O02263,P010,1,120
O02263,P002,3,1900
O02264,P001,1,1500
O02264,P010,1,120
O02264,P011,1,250
O02265,P002,3,1900
O02265,P010,3,120
O02265,P003,2,2300
O02266,P001,1,1500
O02266,P010,3,120
O02267,P002,2,1900
O02267,P011,3,250
O02267,P001,2,1500
O02268,P001,2,1500
O02269,P010,1,120
O02269,P011,1,250
O02270,P001,3,1500
O02270,P011,2,250
O02270,P002,3,1900
O02271,P002,1,1900
O02271,P003,3,2300
O02272,P002,3,1900
O02272,P011,2,250
O02273,P001,3,1500
O02274,P011,1,250
O02274,P010,3,120
O02275,P001,1,1500
O02275,P003,3,2300
O02275,P002,2,1900
O02276,P010,2,120
O02276,P002,3,1900
O02277,P011,2,250
O02277,P002,3,1900
O02278,P003,3,2300
O02278,P010,2,120
O02278,P001,2,1500
O02279,P003,1,2300
O02279,P011,3,250
O02280,P011,2,250
O02280,P010,2,120
O02281,P011,2,250
O02282,P003,2,2300
O02283,P010,3,120
O02283,P011,1,250
O02283,P003,1,2300
O02284,P011,3,250
O02284,P002,2,1900
O02285,P002,3,1900
O02285,P011,2,250
O02285,P001,1,1500
O02286,P001,3,1500
O02286,P011,1,250
O02287,P001,3,1500
O02287,P003,1,2300
O02287,P010,3,120
O02288,P003,2,2300
O02289,P003,3,2300
O02290,P011,3,250
O02290,P010,3,120
O02291,P002,3,1900
O02291,P003,2,2300
O02292,P001,3,1500
O02292,P002,2,1900
O02292,P003,1,2300
O02293,P002,1,1900
O02293,P001,2,1500
O02293,P003,1,2300
O02294,P003,1,2300
O02295,P003,3,2300
O02295,P002,3,1900
O02296,P002,1,1900
O02297,P001,2,1500
O02298,P002,1,1900
O02299,P001,2,1500
O02299,P011,1,250
O02299,P002,2,1900
O02300,P010,3,120
O02300,P001,3,1500
O02301,P003,2,2300
O02301,P010,1,120
O02302,P010,3,120
O02302,P011,3,250
O02303,P001,2,1500
O02303,P010,2,120
O02303,P011,2,250
O02304,P003,3,2300
O02305,P010,2,120
O02305,P001,3,1500
O02306,P011,2,250
O02306,P003,1,2300
O02306,P010,2,120
O02307,P010,1,120
O02308,P003,1,2300
O02308,P001,1,1500
O02309,P001,3,1500
O02309,P010,2,120
O02309,P002,1,1900
O02310,P010,2,120
O02310,P001,3,1500
O02310,P002,3,1900
O02311,P002,1,1900
O02311,P010,1,120
O02312,P002,2,1900
O02312,P001,1,1500
O02312,P003,3,2300
O02313,P010,2,120
O02314,P011,3,250
O02314,P010,3,120
O02314,P003,1,2300
O02315,P011,3,250
O02315,P001,3,1500
O02316,P002,2,1900
O02316,P010,1,120
O02317,P003,3,2300
O02318,P010,3,120
O02318,P001,1,1500
O02319,P002,2,1900
O02320,P002,2,1900
O02320,P001,3,1500
O02321,P002,2,1900
O02321,P010,1,120
O02321,P001,1,1500
O02322,P011,1,250
O02322,P010,3,120
O02323,P001,1,1500
O02323,P011,1,250
O02324,P011,3,250
O02325,P010,2,120
O02326,P010,3,120
O02326,P001,3,1500
O02327,P003,2,2300
O02327,P001,1,1500
O02327,P002,2,1900
O02328,P011,1,250
O02328,P010,1,120
O02329,P003,3,2300
O02330,P010,3,120
O02330,P011,1,250
O02331,P001,1,1500
O02332,P001,3,1500
O02333,P002,2,1900
O02334,P011,2,250
O02334,P003,2,2300
O02334,P010,1,120
O02335,P002,3,1900
O02335,P010,1,120
O02335,P001,1,1500
O02336,P002,2,1900
O02337,P010,1,120
O02338,P001,1,1500
O02338,P011,3,250
O02339,P003,1,2300
O02339,P001,2,1500
O02339,P002,1,1900
O02340,P002,3,1900
O02340,P011,2,250
O02341,P010,1,120
O02341,P002,1,1900
O02342,P011,1,250
O02342,P001,3,1500
O02343,P011,1,250
O02344,P010,3,120
O02345,P011,1,250
O02346,P010,3,120
O02347,P002,2,1900
O02347,P003,1,2300
O02348,P001,2,1500
O02348,P003,1,2300
O02349,P003,2,2300
O02350,P011,3,250
O02350,P002,1,1900
O02351,P011,3,250
O02351,P010,3,120
O02352,P002,3,1900
O02353,P003,2,2300
O02353,P010,3,120
O02353,P001,1,1500
O02354,P001,3,1500
O02354,P011,1,250
O02355,P001,2,1500
O02355,P003,2,2300
O02355,P002,2,1900
O02356,P003,3,2300
O02356,P011,2,250
O02356,P010,2,120
O02357,P011,2,250
O02357,P010,3,120
O02358,P011,2,250
O02358,P002,1,1900
O02358,P010,3,120
O02359,P003,2,2300
O02359,P001,3,1500
O02360,P003,3,2300
O02360,P011,3,250
O02361,P003,2,2300
O02362,P011,1,250
O02363,P003,2,2300
O02363,P002,3,1900
O02364,P010,3,120
O02364,P003,2,2300
O02364,P002,3,1900
O02365,P002,2,1900
O02365,P011,1,250
O02365,P003,3,2300
O02366,P003,2,2300
O02366,P011,3,250
O02366,P001,3,1500
O02367,P001,3,1500
O02368,P003,3,2300
O02368,P002,3,1900
O02368,P001,2,1500
O02369,P010,2,120
O02370,P010,2,120
O02371,P003,2,2300
O02371,P010,1,120
O02371,P011,2,250
O02372,P001,2,1500
O02372,P003,3,2300
O02372,P011,2,250
O02373,P001,1,1500
O02374,P010,3,120
O02374,P011,3,250
O02375,P011,1,250
O02375,P010,2,120
O02376,P010,3,120
O02377,P011,2,250
O02377,P001,2,1500
O02378,P003,1,2300
O02378,P001,1,1500
O02379,P003,1,2300
O02380,P001,2,1500
O02381,P011,3,250
O02382,P002,3,1900
O02382,P001,3,1500
O02383,P002,3,1900
O02383,P001,3,1500
O02384,P001,1,1500
O02385,P011,2,250
O02385,P003,2,2300
O02386,P002,1,1900
O02387,P011,2,250
O02387,P003,1,2300
O02387,P010,1,120
O02388,P011,3,250
O02389,P002,2,1900
O02389,P011,1,250
O02390,P011,1,250
O02390,P001,3,1500
O02390,P010,3,120
O02391,P003,1,2300
O02391,P010,1,120
O02391,P001,2,1500
O02392,P002,2,1900
O02393,P002,2,1900
O02393,P011,1,250
O02393,P001,1,1500
O02394,P003,2,2300
O02395,P011,1,250
O02395,P010,1,120
O02395,P002,1,1900
O02396,P010,3,120
O02397,P010,3,120
O02397,P002,2,1900
O02398,P010,2,120
O02398,P001,1,1500
O02398,P003,3,2300
O02399,P010,2,120
O02399,P003,1,2300
O02400,P011,2,250
O02400,P010,3,120
O02401,P003,1,2300
O02402,P001,2,1500
O02402,P010,1,120
O02402,P011,1,250
O02403,P003,2,2300
O02403,P010,1,120
O02404,P003,3,2300
O02404,P002,2,1900
O02404,P010,1,120
O02405,P011,3,250
O02405,P002,1,1900
O02405,P003,2,2300
O02406,P001,2,1500
O02406,P010,2,120
O02406,P003,2,2300
O02407,P010,2,120
O02408,P010,2,120
O02408,P011,2,250
O02408,P001,2,1500
O02409,P003,2,2300
O02410,P010,1,120
O02410,P002,1,1900
O02411,P011,2,250
O02411,P002,2,1900
O02411,P001,1,1500
O02412,P001,3,1500
O02413,P001,3,1500
O02414,P011,1,250
O02414,P001,3,1500
O02414,P002,2,1900
O02415,P002,1,1900
O02415,P003,2,2300
O02416,P002,2,1900
O02416,P011,2,250
O02417,P011,1,250
O02418,P001,3,1500
O02419,P011,3,250
O02420,P002,2,1900
O02420,P003,2,2300
O02420,P010,1,120
O02421,P001,1,1500
O02422,P001,2,1500
O02422,P011,1,250
O02422,P010,3,120
O02423,P010,3,120
O02424,P002,3,1900
O02424,P011,1,250
O02425,P001,2,1500
O02426,P003,3,2300
O02427,P011,3,250
O02428,P010,1,120
O02429,P001,2,1500
O02430,P002,1,1900
O02431,P003,1,2300
O02431,P011,2,250
O02431,P002,1,1900
O02432,P001,3,1500
O02432,P002,3,1900
O02432,P011,1,250
O02433,P010,1,120
O02434,P003,2,2300
O02435,P010,3,120
O02435,P011,3,250
O02435,P003,2,2300
O02436,P010,3,120
O02436,P003,3,2300
O02436,P011,3,250
O02437,P003,1,2300
O02437,P010,3,120
O02438,P002,1,1900
O02438,P001,1,1500
O02439,P003,3,2300
O02439,P011,2,250
O02439,P001,2,1500
O02440,P003,1,2300
O02440,P011,2,250
O02441,P002,1,1900
O02441,P001,2,1500
O02442,P002,3,1900
O02442,P010,1,120
O02442,P003,3,2300
O02443,P010,1,120
O02443,P002,1,1900
O02444,P010,2,120
O02445,P010,3,120
O02445,P011,2,250
O02446,P002,1,1900
O02446,P010,2,120
O02447,P002,1,1900
O02448,P001,1,1500
O02448,P003,2,2300
O02448,P002,2,1900
O02449,P010,3,120
O02449,P001,2,1500
O02450,P011,1,250
O02450,P010,2,120
O02451,P003,2,2300
O02452,P003,3,2300
O02453,P001,1,1500
O02454,P011,2,250
O02455,P001,3,1500
O02456,P011,2,250
O02457,P010,2,120
O02458,P011,2,250
O02458,P010,3,120
O02459,P003,1,2300
O02459,P011,3,250
O02460,P001,2,1500
O02460,P010,3,120
O02460,P002,1,1900
O02461,P011,2,250
O02461,P001,2,1500
O02461,P010,3,120
O02462,P010,1,120
O02462,P003,1,2300
O02462,P001,1,1500
O02463,P010,1,120
O02463,P003,1,2300
O02463,P002,1,1900
O02464,P001,1,1500
O02464,P002,2,1900
O02465,P002,2,1900
O02465,P010,3,120
O02465,P001,3,1500
O02466,P002,1,1900
O02466,P001,1,1500
O02467,P003,3,2300
O02468,P001,2,1500
O02468,P002,1,1900
O02469,P010,3,120
O02469,P001,2,1500
O02469,P011,2,250
O02470,P003,3,2300
O02470,P010,3,120
O02470,P002,3,1900
O02471,P003,1,2300
O02471,P011,3,250
O02471,P010,3,120
O02472,P011,1,250
O02472,P003,1,2300
O02472,P010,1,120
O02473,P010,2,120
O02473,P003,3,2300
O02474,P010,1,120
O02474,P011,3,250
O02475,P003,1,2300
O02475,P001,3,1500
O02476,P002,1,1900
O02477,P002,3,1900
O02477,P001,3,1500
O02478,P003,2,2300
O02478,P010,2,120
O02478,P011,3,250
O02479,P003,1,2300
O02479,P001,1,1500
O02480,P010,1,120
O02480,P001,2,1500
O02480,P002,2,1900
O02481,P002,2,1900
O02481,P010,1,120
O02482,P003,2,2300
O02482,P001,1,1500
O02483,P010,3,120
O02483,P011,1,250
O02484,P010,2,120
O02484,P002,1,1900
O02485,P002,3,1900
O02485,P003,2,2300
O02485,P001,3,1500
O02486,P001,1,1500
O02486,P011,1,250
O02487,P001,2,1500
O02487,P002,2,1900
O02487,P003,1,2300
O02488,P002,2,1900
O02488,P001,1,1500
O02488,P010,1,120
O02489,P003,2,2300
O02490,P003,1,2300
O02490,P001,2,1500
O02490,P010,2,120
O02491,P001,3,1500
O02492,P001,3,1500
O02493,P002,1,1900
O02494,P010,2,120
O02494,P001,3,1500
O02495,P011,3,250
O02495,P001,2,1500
O02496,P001,2,1500
O02497,P003,3,2300
O02497,P002,3,1900
O02497,P011,1,250
O02498,P011,3,250
O02498,P002,2,1900
O02499,P010,2,120
O02500,P002,2,1900
O02500,P010,3,120
O02500,P011,2,250
O02501,P010,1,120
O02501,P011,2,250
O02502,P003,2,2300
O02502,P002,1,1900
O02502,P001,3,1500
O02503,P001,1,1500
O02504,P011,1,250
O02505,P001,2,1500
O02506,P002,3,1900
O02507,P003,2,2300
O02508,P003,2,2300
O02508,P002,2,1900
O02508,P011,2,250
O02509,P011,3,250
O02510,P003,3,2300
O02510,P002,1,1900
O02510,P010,2,120
O02511,P010,1,120
O02512,P001,1,1500
O02512,P011,2,250
O02513,P002,2,1900
O02513,P010,3,120
O02514,P003,1,2300
O02514,P010,2,120
O02515,P010,3,120
O02515,P003,1,2300
O02515,P011,1,250
O02516,P003,2,2300
O02517,P010,2,120
O02518,P001,1,1500
O02519,P011,3,250
O02520,P003,3,2300
O02520,P002,1,1900
O02521,P001,3,1500
O02521,P011,2,250
O02522,P003,1,2300
O02522,P011,1,250
O02522,P002,2,1900
O02523,P002,2,1900
O02523,P011,3,250
O02523,P001,3,1500
O02524,P011,2,250
O02524,P003,3,2300
O02524,P010,3,120
O02525,P011,3,250
O02525,P002,1,1900
O02525,P010,2,120
O02526,P011,2,250
O02526,P003,1,2300
O02526,P010,2,120
O02527,P001,3,1500
O02527,P010,3,120
O02528,P010,2,120
O02529,P011,2,250
O02529,P002,3,1900
O02530,P010,2,120
O02531,P001,3,1500
O02531,P002,3,1900
O02532,P010,1,120
O02532,P003,3,2300
O02533,P001,1,1500
O02534,P002,1,1900
O02534,P010,2,120
O02535,P001,2,1500
O02536,P011,3,250
O02536,P010,3,120
O02536,P001,3,1500
O02537,P011,2,250
O02537,P001,3,1500
O02538,P011,3,250
O02539,P003,2,2300
O02539,P001,3,1500
O02539,P010,3,120
O02540,P002,1,1900
O02540,P011,3,250
O02541,P001,3,1500
O02541,P003,1,2300
O02542,P001,1,1500
O02542,P011,3,250
O02543,P003,2,2300
O02543,P002,3,1900
O02543,P011,2,250
O02544,P002,1,1900
O02544,P010,3,120
O02545,P003,1,2300
O02546,P003,1,2300
O02546,P001,1,1500
O02547,P001,1,1500
O02548,P003,1,2300
O02549,P010,2,120
O02550,P011,3,250
O02551,P011,2,250
O02551,P001,3,1500
O02552,P003,1,2300
O02552,P001,2,1500
O02552,P002,1,1900
O02553,P002,3,1900
O02553,P003,1,2300
O02554,P001,1,1500
O02554,P011,2,250
O02554,P010,1,120
O02555,P011,3,250
O02555,P002,2,1900
O02555,P010,1,120
O02556,P010,1,120
O02556,P011,3,250
O02557,P002,1,1900
O02557,P011,3,250
O02558,P010,1,120
O02558,P001,3,1500
O02558,P003,2,2300
O02559,P010,3,120
O02559,P011,2,250
O02559,P002,1,1900
O02560,P001,2,1500
O02561,P001,3,1500
O02562,P001,3,1500
O02562,P003,2,2300
O02563,P001,2,1500
O02563,P003,1,2300
O02564,P001,3,1500
O02565,P011,1,250
O02565,P001,2,1500
O02565,P003,2,2300
O02566,P011,3,250
O02566,P003,1,2300
O02566,P001,3,1500
O02567,P002,3,1900
O02567,P003,2,2300
O02568,P001,1,1500
O02568,P011,2,250
O02569,P002,1,1900
O02569,P003,2,2300
O02569,P011,2,250
O02570,P001,1,1500
O02570,P003,2,2300
O02571,P003,1,2300
O02571,P010,1,120
O02572,P003,3,2300
O02572,P002,1,1900
O02573,P011,3,250
O02574,P001,1,1500
O02574,P003,2,2300
O02574,P011,2,250
O02575,P001,3,1500
O02575,P002,1,1900
O02576,P001,2,1500
O02576,P002,2,1900
O02576,P011,3,250
O02577,P001,3,1500
O02577,P003,2,2300
O02577,P010,1,120
O02578,P001,2,1500
O02578,P003,1,2300
O02579,P003,1,2300
O02579,P011,1,250
O02579,P010,1,120
O02580,P011,1,250
O02581,P010,1,120
O02582,P003,3,2300
O02582,P010,1,120
O02583,P002,1,1900
O02583,P011,2,250
O02584,P002,3,1900
O02585,P001,1,1500
O02585,P011,3,250
O02585,P002,3,1900
O02586,P002,3,1900
O02587,P011,1,250
O02587,P002,3,1900
O02587,P010,3,120
O02588,P011,2,250
O02588,P002,3,1900
O02589,P001,2,1500
O02590,P011,3,250
O02591,P002,2,1900
O02591,P003,1,2300
O02592,P011,3,250
O02592,P010,2,120
O02593,P002,3,1900
O02593,P001,2,1500
O02594,P011,1,250
O02594,P010,1,120
O02595,P011,3,250
O02595,P002,2,1900
O02596,P002,3,1900
O02596,P011,1,250
O02596,P003,3,2300
O02597,P002,3,1900
O02598,P002,1,1900
O02599,P001,2,1500
O02599,P011,1,250
O02599,P003,1,2300
O02600,P001,3,1500
O02600,P011,1,250
O02601,P001,1,1500
O02601,P011,2,250
O02601,P002,1,1900
O02602,P002,3,1900
O02602,P011,3,250
O02603,P003,2,2300
O02604,P010,2,120
O02604,P003,3,2300
O02605,P002,1,1900
O02606,P003,3,2300
O02606,P002,3,1900
O02607,P010,2,120
O02608,P010,2,120
O02608,P001,1,1500
O02609,P010,1,120
O02609,P002,1,1900
O02610,P010,2,120
O02610,P003,1,2300
O02610,P001,2,1500
O02611,P003,2,2300
O02612,P010,1,120
O02613,P011,3,250
O02613,P001,2,1500
O02614,P003,2,2300
O02614,P002,1,1900
O02615,P003,2,2300
O02615,P010,1,120
O02615,P002,2,1900
O02616,P010,1,120
O02617,P002,3,1900
O02618,P010,3,120
O02618,P002,3,1900
O02619,P002,3,1900
O02619,P001,2,1500
O02619,P011,3,250
O02620,P001,3,1500
O02620,P003,3,2300
O02621,P010,1,120
O02621,P001,3,1500
O02622,P002,2,1900
O02623,P002,3,1900
O02623,P011,2,250
O02624,P001,2,1500
O02624,P002,3,1900
O02624,P011,3,250
O02625,P011,1,250
O02625,P003,2,2300
O02626,P002,1,1900
O02627,P003,3,2300
O02627,P010,2,120
O02627,P002,3,1900
O02628,P010,3,120
O02629,P011,2,250
O02629,P003,2,2300
O02629,P001,3,1500
O02630,P002,2,1900
O02631,P003,2,2300
O02632,P002,2,1900
O02632,P003,1,2300
O02633,P011,3,250
O02633,P001,1,1500
O02634,P011,1,250
O02635,P010,1,120
O02636,P010,2,120
O02637,P001,3,1500
O02637,P011,2,250
O02637,P003,3,2300
O02638,P002,3,1900
O02639,P002,2,1900
O02640,P001,2,1500
O02641,P011,2,250
O02642,P003,3,2300
O02643,P010,2,120
O02643,P002,1,1900
O02643,P001,3,1500
O02644,P001,2,1500
O02645,P011,2,250
O02645,P002,3,1900
O02645,P001,2,1500
O02646,P002,1,1900
O02646,P001,2,1500
O02646,P011,2,250
O02647,P001,3,1500
O02648,P002,2,1900
O02648,P003,3,2300
O02648,P001,2,1500
O02649,P010,1,120
O02649,P002,3,1900
O02650,P011,1,250
O02651,P003,1,2300
O02651,P002,1,1900
O02651,P001,3,1500
O02652,P002,1,1900
O02653,P002,1,1900
O02654,P010,3,120
O02654,P001,2,1500
O02655,P011,1,250
O02656,P001,3,1500
O02657,P002,2,1900
O02657,P003,3,2300
O02657,P010,2,120
O02658,P001,1,1500
O02659,P010,1,120
O02659,P001,2,1500
O02660,P011,1,250
O02661,P010,1,120
O02661,P001,1,1500
O02661,P011,1,250
O02662,P010,1,120
O02663,P002,2,1900
O02663,P011,3,250
O02664,P011,1,250
O02664,P003,3,2300
O02664,P002,3,1900
O02665,P011,2,250
O02665,P002,1,1900
O02665,P010,3,120
O02666,P003,2,2300
O02666,P011,3,250
O02667,P001,1,1500
O02668,P003,3,2300
O02668,P010,2,120
O02669,P011,1,250
O02670,P002,3,1900
O02670,P001,3,1500
O02670,P010,3,120
O02671,P011,2,250
O02672,P011,1,250
O02672,P002,3,1900
O02673,P011,1,250
O02674,P002,1,1900
O02675,P011,3,250
O02675,P001,3,1500
O02675,P010,1,120
O02676,P011,2,250
O02676,P001,2,1500
O02677,P011,1,250
O02677,P002,1,1900
O02678,P010,1,120
O02678,P002,1,1900
O02679,P001,2,1500
O02679,P002,1,1900
O02679,P003,2,2300
O02680,P011,2,250
O02680,P001,2,1500
O02680,P003,1,2300
O02681,P003,1,2300
O02681,P011,1,250
O02681,P001,1,1500
O02682,P001,2,1500
O02682,P011,1,250
O02682,P010,3,120
O02683,P011,3,250
O02683,P001,1,1500
O02683,P010,2,120
O02684,P010,3,120
O02685,P003,3,2300
O02685,P001,3,1500
O02685,P011,1,250
O02686,P002,2,1900
O02686,P003,3,2300
O02686,P011,1,250
O02687,P003,1,2300
O02687,P011,1,250
O02687,P002,3,1900
O02688,P011,3,250
O02689,P011,2,250
O02689,P010,3,120
O02689,P002,1,1900
O02690,P002,2,1900
O02691,P011,2,250
O02691,P001,2,1500
O02691,P002,1,1900
O02692,P010,1,120
O02692,P011,3,250
O02692,P001,1,1500
O02693,P003,1,2300
O02694,P003,1,2300
O02694,P011,2,250
O02695,P011,1,250
O02695,P003,2,2300
O02695,P010,2,120
O02696,P001,1,1500
O02696,P002,2,1900
O02696,P010,3,120
O02697,P003,2,2300
O02698,P001,1,1500
O02698,P003,3,2300
O02698,P002,2,1900
O02699,P001,2,1500
O02699,P011,1,250
O02699,P003,2,2300
O02700,P002,2,1900
O02701,P011,2,250
O02701,P010,1,120
O02701,P003,3,2300
O02702,P011,1,250
O02702,P002,1,1900
O02702,P001,2,1500
O02703,P001,2,1500
O02704,P011,3,250
O02704,P001,3,1500
O02705,P001,3,1500
O02705,P003,2,2300
O02705,P010,3,120
O02706,P011,2,250
O02707,P002,2,1900
O02707,P011,3,250
O02708,P011,3,250
O02709,P010,2,120
O02710,P002,3,1900
O02711,P002,3,1900
O02712,P011,3,250
O02712,P003,1,2300
O02713,P011,2,250
O02713,P003,1,2300
O02713,P002,1,1900
O02714,P010,3,120
O02715,P003,3,2300
O02716,P011,1,250
O02716,P010,2,120
O02716,P001,2,1500
O02717,P010,1,120
O02718,P003,1,2300
O02718,P010,2,120
O02719,P003,1,2300
O02719,P001,2,1500
O02720,P003,2,2300
O02721,P002,3,1900
O02721,P003,1,2300
O02721,P001,3,1500
O02722,P010,2,120
O02723,P010,2,120
O02723,P003,3,2300
O02724,P011,3,250
O02724,P001,1,1500
O02724,P010,2,120
O02725,P011,3,250
O02726,P011,2,250
O02726,P002,3,1900
O02726,P010,1,120
O02727,P011,3,250
O02727,P001,3,1500
O02728,P001,3,1500
O02728,P003,3,2300
O02729,P003,1,2300
O02730,P002,1,1900
O02731,P002,3,1900
O02731,P003,2,2300
O02732,P001,1,1500
O02732,P010,1,120
O02732,P003,1,2300
O02733,P001,3,1500
O02734,P010,1,120
O02734,P011,3,250
O02734,P003,1,2300
O02735,P002,1,1900
O02735,P011,3,250
O02735,P003,3,2300
O02736,P010,1,120
O02737,P010,3,120
O02738,P002,2,1900
O02738,P001,1,1500
O02739,P001,3,1500
O02739,P011,2,250
O02739,P003,2,2300
O02740,P001,3,1500
O02740,P010,2,120
O02741,P011,1,250
O02741,P001,1,1500
O02741,P010,1,120
O02742,P011,1,250
O02743,P010,3,120
O02743,P001,1,1500
O02744,P011,3,250
O02744,P001,2,1500
O02744,P010,2,120
O02745,P010,3,120
O02745,P003,2,2300
O02746,P001,3,1500
O02746,P010,3,120
O02746,P011,1,250
O02747,P003,1,2300
O02747,P011,1,250
O02748,P003,3,2300
O02749,P001,3,1500
O02750,P011,3,250
O02750,P003,2,2300
O02750,P001,1,1500
O02751,P010,3,120
O02752,P003,3,2300
O02752,P001,1,1500
O02753,P002,3,1900
O02753,P011,1,250
O02754,P011,3,250
O02755,P002,2,1900
O02755,P001,2,1500
O02755,P010,2,120
O02756,P010,1,120
O02756,P001,2,1500
O02757,P003,1,2300
O02758,P011,1,250
O02758,P010,2,120
O02758,P003,3,2300
O02759,P003,1,2300
O02760,P010,2,120
O02760,P011,3,250
O02761,P011,3,250
O02762,P001,3,1500
O02763,P010,1,120
O02764,P002,1,1900
O02765,P002,2,1900
O02765,P003,3,2300
O02765,P011,1,250
O02766,P010,1,120
O02767,P010,3,120
O02767,P001,1,1500
O02767,P002,1,1900
O02768,P002,2,1900
O02769,P003,2,2300
O02769,P001,3,1500
O02770,P002,1,1900
O02770,P010,2,120
O02770,P003,3,2300
O02771,P010,3,120
O02771,P002,1,1900
O02772,P003,1,2300
O02772,P011,1,250
O02772,P010,1,120
O02773,P011,3,250
O02773,P001,2,1500
O02774,P003,2,2300
O02775,P010,3,120
O02776,P011,1,250
O02776,P002,1,1900
O02776,P010,1,120
O02777,P003,1,2300
O02777,P001,3,1500
O02777,P010,2,120
O02778,P001,3,1500
O02778,P011,2,250
O02779,P011,2,250
O02779,P001,3,1500
O02779,P002,1,1900
O02780,P010,2,120
O02781,P002,3,1900
O02781,P010,3,120
O02781,P003,3,2300
O02782,P010,2,120
O02782,P011,3,250
O02782,P003,3,2300
O02783,P011,3,250
O02783,P010,2,120
O02783,P001,1,1500
O02784,P003,3,2300
O02784,P010,1,120
O02784,P011,1,250
O02785,P011,2,250
O02785,P001,1,1500
O02786,P003,1,2300
O02786,P002,1,1900
O02786,P001,1,1500
O02787,P003,1,2300
O02788,P010,2,120
O02788,P001,3,1500
O02789,P001,2,1500
O02789,P010,3,120
O02789,P011,1,250
O02790,P010,3,120
O02790,P001,2,1500
O02791,P002,2,1900
O02792,P002,3,1900
O02792,P011,3,250
O02792,P010,3,120
O02793,P002,3,1900
O02793,P011,3,250
O02794,P003,1,2300
O02795,P010,1,120
O02795,P001,3,1500
O02796,P011,1,250
O02796,P010,3,120
O02796,P002,1,1900
O02797,P011,3,250
O02797,P003,3,2300
O02798,P010,3,120
O02799,P001,3,1500
O02799,P010,2,120
O02800,P010,1,120
O02800,P001,1,1500
O02801,P010,3,120
O02801,P011,3,250
O02801,P001,1,1500
O02802,P011,2,250
O02803,P003,1,2300
O02803,P001,2,1500
O02803,P002,2,1900
O02804,P002,2,1900
O02804,P011,3,250
O02804,P003,2,2300
O02805,P001,2,1500
O02805,P011,1,250
O02805,P010,1,120
O02806,P011,2,250
O02807,P010,1,120
O02807,P011,1,250
O02807,P001,2,1500
O02808,P002,3,1900
O02808,P001,1,1500
O02808,P010,3,120
O02809,P001,1,1500
O02809,P011,2,250
O02810,P001,2,1500
O02810,P003,3,2300
O02810,P011,3,250
O02811,P003,1,2300
O02812,P010,3,120
O02812,P002,3,1900
O02813,P011,2,250
O02814,P010,3,120
O02814,P002,2,1900
O02814,P001,1,1500
O02815,P003,2,2300
O02815,P011,2,250
O02815,P001,2,1500
O02816,P003,1,2300
O02816,P010,3,120
O02816,P001,2,1500
O02817,P010,2,120
O02818,P002,1,1900
O02818,P011,3,250
O02818,P010,1,120
O02819,P010,1,120
O02819,P011,1,250
O02819,P002,3,1900
O02820,P011,1,250
O02820,P001,2,1500
O02820,P002,3,1900
O02821,P011,1,250
O02821,P003,1,2300
O02821,P001,1,1500
O02822,P002,1,1900
O02822,P001,2,1500
O02823,P002,2,1900
O02823,P011,2,250
O02824,P010,3,120
O02825,P010,1,120
O02826,P002,3,1900
O02827,P001,3,1500
O02828,P001,2,1500
O02829,P002,2,1900
O02830,P011,3,250
O02831,P002,2,1900
O02831,P010,3,120
O02832,P003,1,2300
O02832,P010,1,120
O02832,P001,2,1500
O02833,P011,2,250
O02834,P003,3,2300
O02834,P001,1,1500
O02835,P003,2,2300
O02835,P001,2,1500
O02835,P010,3,120
O02836,P001,2,1500
O02837,P003,1,2300
O02837,P001,2,1500
O02838,P003,1,2300
O02839,P010,1,120
O02839,P001,2,1500
O02840,P010,1,120
O02840,P002,1,1900
O02840,P001,1,1500
O02841,P001,3,1500
O02841,P010,1,120
O02841,P003,1,2300
O02842,P002,2,1900
O02842,P003,1,2300
O02842,P010,3,120
O02843,P003,3,2300
O02843,P010,3,120
O02843,P011,2,250
O02844,P010,1,120
O02845,P002,1,1900
O02845,P001,3,1500
O02845,P003,3,2300
O02846,P010,2,120
O02846,P001,1,1500
O02847,P010,3,120
O02847,P001,3,1500
O02847,P002,3,1900
O02848,P010,1,120
O02848,P011,2,250
O02848,P003,2,2300
O02849,P001,1,1500
O02849,P010,2,120
O02849,P002,3,1900
O02850,P001,2,1500
O02851,P010,3,120
O02852,P001,3,1500
O02853,P002,1,1900
O02854,P003,1,2300
O02854,P011,1,250
O02854,P010,2,120
O02855,P003,3,2300
O02855,P001,2,1500
O02855,P002,1,1900
O02856,P003,1,2300
O02856,P010,3,120
O02856,P011,1,250
O02857,P002,1,1900
O02857,P001,2,1500
O02857,P003,3,2300
O02858,P010,3,120
O02858,P001,3,1500
O02859,P003,3,2300
O02859,P002,3,1900
O02859,P010,3,120
O02860,P011,1,250
O02860,P001,1,1500
O02861,P003,1,2300
O02862,P002,3,1900
O02862,P010,3,120
O02862,P003,3,2300
O02863,P011,3,250
O02863,P003,1,2300
O02864,P011,3,250
O02864,P003,3,2300
O02865,P011,1,250
O02865,P001,2,1500
O02865,P003,2,2300
O02866,P011,1,250
O02866,P010,3,120
O02867,P010,1,120
O02867,P001,1,1500
O02867,P002,3,1900
O02868,P010,2,120
O02868,P011,1,250
O02869,P002,2,1900
O02869,P001,2,1500
O02869,P003,2,2300
O02870,P011,1,250
O02871,P010,3,120
O02871,P011,2,250
O02871,P003,2,2300
O02872,P002,2,1900
O02872,P010,3,120
O02872,P003,1,2300
O02873,P003,3,2300
O02874,P002,1,1900
O02874,P010,3,120
O02874,P003,3,2300
O02875,P011,2,250
O02875,P001,3,1500
O02876,P002,2,1900
O02877,P003,1,2300
O02878,P003,3,2300
O02878,P010,3,120
O02878,P002,2,1900
O02879,P010,3,120
O02879,P001,1,1500
O02879,P011,1,250
O02880,P011,3,250
O02880,P002,2,1900
O02881,P003,1,2300
O02881,P011,3,250
O02882,P010,1,120
O02882,P011,1,250
O02883,P011,1,250
O02883,P003,3,2300
O02884,P002,3,1900
O02885,P011,1,250
O02885,P003,1,2300
O02885,P002,3,1900
O02886,P001,1,1500
O02886,P003,2,2300
O02886,P002,1,1900
O02887,P003,2,2300
O02887,P002,3,1900
O02887,P011,2,250
O02888,P003,2,2300
O02889,P011,1,250
O02890,P011,3,250
O02890,P002,1,1900
O02891,P011,1,250
O02891,P003,1,2300
O02892,P001,2,1500
O02892,P010,1,120
O02892,P002,3,1900
O02893,P011,2,250
O02893,P003,3,2300
O02894,P001,2,1500
O02894,P003,3,2300
O02895,P003,1,2300
O02895,P002,1,1900
O02896,P011,3,250
O02896,P001,3,1500
O02897,P001,3,1500
O02897,P011,2,250
O02897,P002,1,1900
O02898,P002,3,1900
O02899,P003,1,2300
O02899,P002,1,1900
O02899,P010,2,120
O02900,P010,2,120
O02901,P003,2,2300
O02902,P001,2,1500
O02902,P003,1,2300
O02903,P002,3,1900
O02904,P003,3,2300
O02905,P010,2,120
O02906,P011,2,250
O02906,P001,2,1500
O02906,P010,2,120
O02907,P001,3,1500
O02908,P002,2,1900
O02908,P001,1,1500
O02909,P003,1,2300
O02910,P010,3,120
O02910,P001,3,1500
O02911,P010,3,120
O02911,P001,1,1500
O02911,P003,2,2300
O02912,P003,2,2300
O02913,P002,3,1900
O02914,P011,1,250
O02914,P003,1,2300
O02914,P002,2,1900
O02915,P010,2,120
O02915,P011,3,250
O02915,P001,3,1500
O02916,P010,2,120
O02916,P011,2,250
O02917,P002,2,1900
O02918,P003,3,2300
O02918,P011,2,250
O02918,P010,3,120
O02919,P003,2,2300
O02919,P010,3,120
O02919,P002,3,1900
O02920,P002,2,1900
O02920,P011,3,250
O02921,P001,3,1500
O02922,P003,1,2300
O02922,P001,1,1500
O02923,P001,1,1500
O02924,P003,3,2300
O02924,P002,3,1900
O02925,P001,1,1500
O02926,P001,2,1500
O02927,P001,1,1500
O02927,P002,2,1900
O02928,P010,3,120
O02928,P001,1,1500
O02929,P010,1,120
O02929,P002,2,1900
O02929,P003,2,2300
O02930,P011,2,250
O02930,P010,3,120
O02931,P010,3,120
O02931,P002,1,1900
O02931,P011,2,250
O02932,P010,3,120
O02932,P003,2,2300
O02933,P001,1,1500
O02934,P011,2,250
O02934,P002,2,1900
O02935,P001,3,1500
O02936,P002,3,1900
O02937,P001,1,1500
O02937,P002,1,1900
O02937,P011,1,250
O02938,P002,2,1900
O02938,P001,3,1500
O02938,P003,1,2300
O02939,P010,3,120
O02940,P001,3,1500
O02941,P010,2,120
O02942,P002,3,1900
O02942,P011,3,250
O02943,P003,3,2300
O02943,P001,1,1500
O02944,P010,3,120
O02944,P001,2,1500
O02945,P002,2,1900
O02946,P010,2,120
O02946,P003,3,2300
O02947,P011,2,250
O02947,P003,1,2300
O02948,P002,2,1900
O02948,P001,1,1500
O02949,P001,3,1500
O02949,P010,3,120
O02949,P002,1,1900
O02950,P001,3,1500
O02950,P010,1,120
O02950,P011,3,250
O02951,P001,1,1500
O02951,P010,1,120
O02952,P002,2,1900
O02952,P011,3,250
O02953,P002,2,1900
O02953,P011,1,250
O02953,P001,1,1500
O02954,P011,3,250
O02955,P002,1,1900
O02955,P010,3,120
O02955,P001,2,1500
O02956,P011,3,250
O02956,P001,2,1500
O02957,P011,3,250
O02958,P002,1,1900
O02959,P003,3,2300
O02959,P002,3,1900
O02960,P003,3,2300
O02961,P003,1,2300
O02961,P010,2,120
O02962,P010,1,120
O02962,P011,2,250
O02962,P001,2,1500
O02963,P001,3,1500
O02964,P003,3,2300
O02964,P011,2,250
O02965,P001,3,1500
O02965,P002,3,1900
O02965,P010,2,120
O02966,P002,3,1900
O02967,P010,1,120
O02968,P001,2,1500
O02969,P011,2,250
O02970,P010,2,120
O02970,P001,3,1500
O02970,P011,2,250
O02971,P011,3,250
O02972,P002,1,1900
O02972,P011,3,250
O02972,P001,1,1500
O02973,P003,2,2300
O02974,P001,1,1500
O02974,P002,1,1900
O02974,P011,2,250
O02975,P010,3,120
O02975,P011,3,250
O02975,P003,3,2300
O02976,P003,3,2300
O02976,P002,3,1900
O02977,P003,1,2300
O02977,P011,3,250
O02977,P001,3,1500
O02978,P001,1,1500
O02978,P011,1,250
O02979,P003,2,2300
O02979,P002,3,1900
O02980,P011,3,250
O02981,P001,1,1500
O02981,P010,2,120
O02982,P002,3,1900
O02983,P001,3,1500
O02983,P011,3,250
O02983,P010,1,120
O02984,P011,1,250
O02984,P003,1,2300
O02984,P010,2,120
O02985,P010,2,120
O02986,P011,3,250
O02986,P002,1,1900
O02986,P001,1,1500
O02987,P010,1,120
O02987,P011,3,250
O02987,P001,3,1500
O02988,P001,1,1500
O02988,P011,2,250
O02989,P002,3,1900
O02990,P001,1,1500
O02991,P001,3,1500
O02992,P010,3,120
O02992,P011,1,250
O02992,P002,1,1900
O02993,P011,3,250
O02994,P001,2,1500
O02994,P011,2,250
O02994,P010,1,120
O02995,P002,1,1900
O02996,P011,3,250
O02997,P010,1,120
O02998,P003,1,2300
O02998,P010,3,120
O02998,P001,3,1500
O02999,P002,3,1900
O02999,P001,1,1500
O02999,P011,2,250
O03000,P003,3,2300
O03000,P002,1,1900
